Period,Market_Regime,Trades,Winning,Losing,Total_PnL,Avg_Return,Median_Return,Best_Return,Worst_Return,Win_Rate,Evidence
2020-2021,HIGH_VOL_DOWN,6,5,1,16058.379387762914,0.06684256549186483,0.07078885204566905,0.1238422567285611,-0.0079326461507261,0.8333333333333334,VERY LOW
2020-2021,HIGH_VOL_UP,13,6,7,13543.019553632772,0.03547883893397911,-0.0130742445071034,0.3074266009915127,-0.0842547825389182,0.46153846153846156,LOW
2020-2021,LOW_VOL_UP,22,13,9,13334.389729842229,0.010861447793720192,0.0171827517397781,0.1265006145407994,-0.094329299652095,0.5909090909090909,LOW
2020-2021,MED_VOL_DOWN,1,1,0,2389.945916688433,0.0517381884704918,0.0517381884704918,0.0517381884704918,0.0517381884704918,1.0,VERY LOW
2020-2021,MED_VOL_UP,24,15,9,29773.171711358686,0.030426770782315007,0.0433898485093906,0.1716526925912079,-0.104331859416847,0.625,LOW
2022-2023,HIGH_VOL_DOWN,2,0,2,-8700.300882517487,-0.09572590746903215,-0.09572590746903215,-0.0863474711010762,-0.1051043438369881,0.0,VERY LOW
2022-2023,HIGH_VOL_UP,2,1,1,-4658.400942510027,-0.04649939886077205,-0.04649939886077205,0.0631168450774271,-0.1561156427989712,0.5,VERY LOW
2022-2023,LOW_VOL_DOWN,9,2,7,-5903.674824940692,-0.014253880547786313,-0.0453953300257659,0.1680256384929628,-0.0975549284341268,0.2222222222222222,VERY LOW
2022-2023,LOW_VOL_UP,31,11,20,-6382.858312125905,-0.007384483362627304,-0.0198283076923076,0.0734228607887446,-0.0588636671729353,0.3548387096774194,PRELIMINARY
2022-2023,MED_VOL_DOWN,4,0,4,-12153.175788414712,-0.08243327675723357,-0.0748511362381162,-0.0313859614977447,-0.1486448730549572,0.0,VERY LOW
2022-2023,MED_VOL_UP,5,2,3,-4250.350463051343,0.003743013613022819,-0.0080608659049955,0.1161459895619157,-0.0678674162597655,0.4,VERY LOW
2024-2025,HIGH_VOL_DOWN,3,1,2,-1590.4848694985064,-0.011435081432598101,-0.0190847253846157,0.0316048021420444,-0.046825321055223,0.3333333333333333,VERY LOW
2024-2025,HIGH_VOL_UP,10,8,2,13648.831407796402,0.04791045601608546,0.0328441843919035,0.2139020251128483,-0.0196667422227607,0.8,LOW
2024-2025,LOW_VOL_DOWN,1,1,0,638.481681884083,0.0157428449103669,0.0157428449103669,0.0157428449103669,0.0157428449103669,1.0,VERY LOW
2024-2025,LOW_VOL_UP,25,10,15,-9806.253752089684,-0.007254564026059416,-0.0127120676348285,0.1287106217741923,-0.1450568545284964,0.4,LOW
2024-2025,MED_VOL_DOWN,5,3,2,2927.2654550624484,0.015027012312208918,0.0378215278761809,0.0837599946568964,-0.122623427250877,0.6,VERY LOW
2024-2025,MED_VOL_UP,8,6,2,4246.358539170981,0.021544249848034425,0.033881774068687295,0.0644703361365445,-0.0498908270845986,0.75,VERY LOW
