Entry_Date,Exit_Date,Entry_Price,Exit_Price,Gross_Return,Gross_PnL,Capital_After_Trade
2019-10-30,2019-12-26,676.1947631835938,692.7899169921875,0.024541973277731444,2454.1973277731445,102454.19732777314
2020-05-04,2020-06-10,656.1251831054688,725.5469970703125,0.10580574523335207,10840.242700549945,113294.4400283231
2020-06-11,2020-08-24,709.6483154296875,967.1882934570312,0.36291212481974955,41115.92596094242,154410.3659892655
2020-08-27,2020-09-02,974.0415649414062,982.1639404296876,0.00833883869090335,1287.6031341878338,155697.96912345334
2020-09-03,2020-09-04,974.7338256835938,958.6505126953124,-0.01650021017481562,-2569.0492143289334,153128.9199091244
2020-09-10,2020-10-12,1067.91064453125,1032.398193359375,-0.03325414102175461,-5092.170697166991,148036.74921195742
2021-01-05,2021-01-07,907.3548583984376,881.9954223632812,-0.02794875213421799,-4137.442410480388,143899.30680147704
2021-01-22,2021-01-27,945.8900756835938,874.5421752929688,-0.07542937834405539,-10854.235256175914,133045.07154530112
2021-02-16,2021-02-22,950.4589233398438,926.73779296875,-0.024957554491402356,-3320.4796229043777,129724.59192239675
2021-02-24,2021-03-18,951.1511840820312,927.1993408203124,-0.02518195178912075,-3266.718419653158,126457.87350274359
2021-03-22,2021-03-23,951.7972412109376,963.3809204101562,0.012170322309908332,1539.0330791540061,127996.9065818976
2021-03-24,2021-03-26,944.82861328125,920.5306396484376,-0.02571680545155075,-3291.6715449669764,124705.23503693062
2021-06-03,2021-06-29,1019.7531127929688,963.5193481445312,-0.05514448933077598,-6876.806502985932,117828.4285339447
2021-08-27,2021-11-03,1027.9447021484375,1146.1810302734375,0.11502207062099967,13552.8698279928,131381.2983619375
2022-01-19,2022-01-27,1163.718017578125,1079.03271484375,-0.07277132557474542,-9560.79123752932,121820.50712440816
2022-02-01,2022-02-02,1097.7696533203125,1100.0079345703125,0.0020389352567999897,248.38412697721012,122068.89125138537
2022-03-29,2022-05-06,1210.306396484375,1209.4295654296875,-0.0007244703136614072,-88.43528793319138,121980.45596345219
2022-06-13,2022-06-20,1228.9278564453125,1173.6171875,-0.04500725462054311,-5490.005440277039,116490.45052317515
2022-08-18,2022-09-02,1228.1895751953125,1167.8253173828125,-0.04914897425578668,-5725.3861538085275,110765.06436936662
2022-09-07,2022-09-12,1191.4771728515625,1198.9996337890625,0.006313558588366908,699.321723440228,111464.38609280685
2022-09-13,2022-09-14,1209.01416015625,1194.5230712890625,-0.011985871915110358,-1335.9978548047911,110128.38823800205
2022-11-11,2022-12-12,1214.5753173828125,1205.9451904296875,-0.007105468742540699,-782.5138202915103,109345.87441771054
2022-12-14,2022-12-16,1207.0528564453125,1184.02392578125,-0.019078643110858606,-2086.1709136602635,107259.70350405028
2022-12-20,2022-12-23,1209.9603271484375,1154.764892578125,-0.045617557313134216,-4892.925671985797,102366.77783206449
2023-05-10,2023-05-17,1152.1805419921875,1125.736572265625,-0.02295123790308018,-2349.4442713954663,100017.33356066902
2023-05-29,2023-06-01,1163.2564697265625,1136.7894287109375,-0.022752541425233974,-2275.6485250805663,97741.68503558845
2023-06-06,2023-06-07,1144.2196044921875,1152.8958740234375,0.007582696098884512,741.1454938177552,98482.8305294062
2023-06-08,2023-06-12,1153.5880126953125,1146.434814453125,-0.006200825739749449,-610.6748704701248,97872.15565893607
2023-06-14,2023-06-27,1177.6783447265625,1152.111328125,-0.021709677108394776,-2124.7728972580544,95747.38276167802
2023-06-30,2023-08-08,1176.93994140625,1254.324951171875,0.0657510269157513,6295.488741075833,102042.87150275386
2023-08-11,2023-08-16,1273.574951171875,1287.574951171875,0.010992678512652843,1121.7244809377173,103164.59598369157
2023-08-23,2023-08-25,1261.0999755859375,1234.175048828125,-0.021350350708953525,-2202.6003049993133,100961.99567869226
2023-11-29,2024-03-14,1200.3499755859375,1431.4749755859375,0.19254801074759786,19440.031429039765,120402.02710773202
2024-03-28,2024-04-04,1485.8499755859375,1462.925048828125,-0.015428830053163423,-1857.6624143015729,118544.36469343044
2024-04-22,2024-04-25,1479.8499755859375,1459.9749755859375,-0.013430415466358703,-1592.1000690283147,116952.26462440213
2024-04-26,2024-04-30,1452.550048828125,1467.0,0.009947988493431037,1163.439782764254,118115.70440716638
2024-06-14,2024-06-24,1477.550048828125,1441.4749755859375,-0.024415466177135192,-2883.849985941669,115231.85442122472
2024-06-27,2024-07-26,1530.550048828125,1509.0250244140625,-0.014063587421099588,-1620.573258348315,113611.2811628764
2025-04-29,2025-06-03,1399.699951171875,1405.5,0.004143780117495277,470.78016800589296,114082.0613308823
2025-06-05,2025-06-13,1442.4000244140625,1427.9000244140625,-0.010052689791024028,-1146.8315732799374,112935.22975760236
2025-06-18,2025-07-22,1430.0999755859375,1412.800048828125,-0.012097005141703088,-1366.1780550571352,111569.05170254521
2025-10-24,2025-12-19,1451.5999755859375,1565.0999755859375,0.07818958522246167,8723.53787628539,120292.58957883061
2025-12-22,2025-12-26,1575.4000244140625,1559.199951171875,-0.010283149035885564,-1236.9866265517298,119055.60295227887
