Momentum,Fast_SMA,Slow_SMA,Return,Volatility,Max_Drawdown
10,20,100,0.3377245405100249,0.1383065519727381,-0.3315170373100076
10,20,150,-0.07825619535462103,0.14495375131271895,-0.37770140604197155
10,20,200,-0.17358895670519503,0.1397937363805205,-0.30334183687720373
10,30,100,0.1040524765721238,0.1388038141688964,-0.3335164525597324
10,30,150,-0.09546235611758291,0.14348360954009004,-0.38418039024834694
10,30,200,-0.1574907729966183,0.13878457607524317,-0.30647686623166404
10,50,100,-0.09261053542485942,0.13190343679393385,-0.351715959868226
10,50,150,-0.05967030581955424,0.13905257193556983,-0.3321690709998244
10,50,200,-0.027690461274787137,0.13794794890516981,-0.2337821864480607
20,20,100,0.5432062275526941,0.13783044404254163,-0.19527220544694157
20,20,150,0.14837655735906852,0.1394912241401695,-0.2574208047880646
20,20,200,-0.034511138201069325,0.1341916340618477,-0.25388112479632663
20,30,100,0.30868001693539826,0.13607359712415493,-0.2505090553001581
20,30,150,0.12433815298740769,0.1369888860162274,-0.27288930810524514
20,30,200,-0.036587723433417874,0.13290035729427963,-0.2561079067828844
20,50,100,0.03293944843553542,0.12956590253019432,-0.3041517796576416
20,50,150,0.167083727853504,0.12993196925385359,-0.2667184137975117
20,50,200,0.10594317275568144,0.1308908053565401,-0.24404025439555777
30,20,100,0.4710191874147678,0.15054356049365153,-0.28742276947622103
30,20,150,0.09021089335029697,0.15047293134152903,-0.3230323840754553
30,20,200,-0.08973665691617994,0.14476363230498726,-0.2963628979986196
30,30,100,0.32852677252330387,0.1488001720861015,-0.2622238024958373
30,30,150,0.051794158075956886,0.1481865973642852,-0.35499808346733397
30,30,200,-0.10458895683793912,0.14345437873992706,-0.31370167175208896
30,50,100,-0.005327428436129211,0.14065347144586712,-0.3343788635308772
30,50,150,0.03212380468495413,0.1396130998807156,-0.35186818346802184
30,50,200,-0.019659074477678118,0.14106684427346855,-0.25654936589978383
