Stock,Return
RELIANCE,0.07007259759687345
RELIANCE,-0.03468483086975627
RELIANCE,0.20845473982651197
RELIANCE,0.1456505226062037
RELIANCE,0.07456066855790877
RELIANCE,0.09454579301120325
RELIANCE,-0.013519630052950649
RELIANCE,-0.08477480590618613
RELIANCE,-0.04054908602016016
RELIANCE,0.09993896860399265
RELIANCE,0.0055870816802687795
RELIANCE,-0.027898183361502515
RELIANCE,0.05965027003109791
RELIANCE,-0.06883581437623487
RELIANCE,-0.03980281553791154
RELIANCE,-0.012338131331465108
RELIANCE,0.09794317979354772
RELIANCE,-0.011521177731858456
RELIANCE,0.061313322622631006
RELIANCE,0.09506467428239618
RELIANCE,0.05070731185586719
RELIANCE,-0.02672975396020616
RELIANCE,-0.08894487297387677
RELIANCE,0.03893916193489644
RELIANCE,0.020181473690246365
RELIANCE,-0.026192444665751324
RELIANCE,0.015071754670330284
TCS,0.020089413806856804
TCS,0.09765388361879057
TCS,0.12771943798069407
TCS,-0.043351382614817635
TCS,0.12089209051204652
TCS,0.029863244009366685
TCS,-0.06445043408431206
TCS,-0.05180342520304515
TCS,0.003571070155835354
TCS,-0.027770912576562168
TCS,-0.012301391661712402
TCS,-0.07680047055821304
TCS,-0.0020938628158845285
TCS,-0.07363231665280112
TCS,0.1065036806915649
TCS,-0.029956456079243243
TCS,0.03570710257636578
TCS,0.08599181953623347
TCS,-0.04974130784512509
INFY,0.01612803570831045
INFY,-0.3394604614717299
INFY,0.29986813052790984
INFY,0.032879624011709296
INFY,0.015399746371812961
INFY,0.1573107902414077
INFY,-0.012752858399296407
INFY,0.12361376629067644
INFY,-0.00651621592630125
INFY,-0.06965998434454679
INFY,0.05572273175583242
INFY,0.02416248330206905
INFY,-0.014179119956216235
INFY,0.00873502259311354
INFY,0.0995101883402032
INFY,-0.10975581017900193
INFY,-0.17135384567079037
INFY,-0.044684368113004025
INFY,-0.09406995806254403
INFY,0.006308825745497293
INFY,-0.048222511571632265
INFY,0.04546696452966037
INFY,0.12847861151047613
INFY,-0.07109193942765679
INFY,0.06340106002485202
INFY,0.10808263767749371
INFY,-0.019008383471506907
INFY,-0.044071353620146914
HDFCBANK,-0.006218768061922786
HDFCBANK,-0.07206538606939294
HDFCBANK,0.1472966992751754
HDFCBANK,-0.002949728932671869
HDFCBANK,0.12125866840744659
HDFCBANK,-0.05341847064320204
HDFCBANK,0.03482681004903565
HDFCBANK,-0.045220502086259384
HDFCBANK,-0.003964788438090006
HDFCBANK,-0.06269857431795223
HDFCBANK,0.034243531419023476
HDFCBANK,-0.04080353044661822
HDFCBANK,0.015955139482291436
HDFCBANK,-0.023785563638153095
HDFCBANK,-0.05668284824304792
HDFCBANK,0.010747450536086722
HDFCBANK,-0.024023038118183848
HDFCBANK,0.031739704713294126
HDFCBANK,-0.14154082897224518
HDFCBANK,-0.019628648786574
HDFCBANK,0.004866194329550266
HDFCBANK,0.035426077543573076
HDFCBANK,-0.01010552263056641
HDFCBANK,0.054215049903768575
HDFCBANK,0.0031768033597370238
HDFCBANK,0.017961882733163348
HDFCBANK,0.023560584729800382
HDFCBANK,-0.009416583450729599
ICICIBANK,0.05886050788180075
ICICIBANK,0.06577645895153306
ICICIBANK,-0.020510418177204226
ICICIBANK,0.04192791064819201
ICICIBANK,0.06923754757027822
ICICIBANK,0.16151644638798102
ICICIBANK,-0.03422806326018868
ICICIBANK,0.0122975763989297
ICICIBANK,0.0989543869430003
ICICIBANK,0.014692506319591736
ICICIBANK,-0.045232086773530966
ICICIBANK,-0.09478792124999758
ICICIBANK,-0.10979676249847725
ICICIBANK,-0.011130734452501678
ICICIBANK,0.08428753180661586
ICICIBANK,0.07568201818715159
ICICIBANK,-0.02688849131613036
ICICIBANK,-0.019938041041675625
ICICIBANK,0.04998334450584396
ICICIBANK,-0.002958723374230754
ICICIBANK,-0.007247854122025332
ICICIBANK,-0.005305293086054763
ICICIBANK,0.060064324773624556
ICICIBANK,-0.004273722903712751
ICICIBANK,-0.011219924831645134
ICICIBANK,-0.04929467133504284
ICICIBANK,0.029621782232275518
ICICIBANK,-0.009183438329398275
ICICIBANK,0.06333266409813598
ICICIBANK,0.012318011607273194
ICICIBANK,-0.015417621993721098
