Period,Market_Regime,Trades,Other_Trades,Win_Rate,Regime_Avg_Return,Other_Avg_Return,Regime_Effect,Total_PnL,Evidence
2020-2021,HIGH_VOL_DOWN,6,60,0.8333333333333334,0.06684256549186483,0.024702624080827077,0.04213994141103776,16058.379387762914,VERY LOW
2020-2021,HIGH_VOL_UP,13,53,0.46153846153846156,0.035478838933979115,0.02682996097469972,0.008648877959279395,13543.019553632774,LOW
2020-2021,LOW_VOL_UP,22,44,0.5909090909090909,0.01086144779372019,0.03736956787134021,-0.026508120077620018,13334.38972984223,LOW
2020-2021,MED_VOL_DOWN,1,65,1.0,0.0517381884704918,0.028176533066620334,0.02356165540387147,2389.945916688433,VERY LOW
2020-2021,MED_VOL_UP,24,42,0.625,0.03042677078231501,0.027451674738696506,0.0029750960436185046,29773.171711358682,LOW
2022-2023,HIGH_VOL_DOWN,2,51,0.0,-0.09572590746903215,-0.01492589697758603,-0.08080001049144611,-8700.300882517487,VERY LOW
2022-2023,HIGH_VOL_UP,2,51,0.5,-0.04649939886077205,-0.016856348295557013,-0.029643050565215035,-4658.400942510027,VERY LOW
2022-2023,LOW_VOL_DOWN,9,44,0.2222222222222222,-0.014253880547786313,-0.018736082633292614,0.004482202085506301,-5903.674824940693,VERY LOW
2022-2023,LOW_VOL_UP,31,22,0.3548387096774194,-0.007384483362627303,-0.03289788984334116,0.025513406480713857,-6382.8583121259035,PRELIMINARY
2022-2023,MED_VOL_DOWN,4,49,0.0,-0.08243327675723357,-0.0127130500768575,-0.06972022668037607,-12153.175788414712,VERY LOW
2022-2023,MED_VOL_UP,5,48,0.4,0.003743013613022819,-0.020237242267918037,0.023980255880940857,-4250.3504630513435,VERY LOW
2024-2025,HIGH_VOL_DOWN,3,49,0.3333333333333333,-0.011435081432598101,0.011448415607450123,-0.022883497040048224,-1590.4848694985064,VERY LOW
2024-2025,HIGH_VOL_UP,10,42,0.8,0.04791045601608546,0.0011324419120573139,0.04677801410402815,13648.831407796404,LOW
2024-2025,LOW_VOL_DOWN,1,51,1.0,0.0157428449103669,0.010018123050135197,0.005724721860231702,638.481681884083,VERY LOW
2024-2025,LOW_VOL_UP,25,27,0.4,-0.007254564026059418,0.026223378559953603,-0.03347794258601302,-9806.253752089684,LOW
2024-2025,MED_VOL_DOWN,5,47,0.6,0.015027012312208918,0.009607065083111006,0.005419947229097912,2927.2654550624484,VERY LOW
2024-2025,MED_VOL_UP,8,44,0.75,0.021544249848034422,0.0080525709473406,0.013491678900693822,4246.35853917098,VERY LOW
