Stock,Market_Regime,Signal_Observations,Baseline_Observations,Signal_Return,Baseline_Return,Difference
RELIANCE,HIGH_VOL_DOWN,55,226,0.04339717286049657,0.053790309910205246,-0.010393137049708678
RELIANCE,HIGH_VOL_UP,128,279,0.02255060425390764,0.019120440866865835,0.003430163387041805
RELIANCE,LOW_VOL_UP,249,457,0.009956525619849579,0.006955894522915985,0.003000631096933594
RELIANCE,MED_VOL_DOWN,4,169,-0.0317519732116297,0.012952960823794856,-0.04470493403542456
RELIANCE,MED_VOL_UP,112,318,0.0011321918016277271,-0.009050748097105443,0.01018293989873317
TCS,HIGH_VOL_DOWN,39,226,-0.010450527065858278,0.003190712252728449,-0.013641239318586728
TCS,HIGH_VOL_UP,104,279,0.010553070965375349,0.018373325253124122,-0.007820254287748773
TCS,LOW_VOL_UP,176,457,-0.010779824808281163,0.006062461602538355,-0.01684228641081952
TCS,MED_VOL_DOWN,34,169,-0.0509713553785273,-0.020620153467228154,-0.03035120191129915
TCS,MED_VOL_UP,121,318,0.03698689111217792,0.017896485146340266,0.019090405965837654
INFY,HIGH_VOL_DOWN,32,226,-0.06867186094693561,0.011639719782660101,-0.08031158072959571
INFY,HIGH_VOL_UP,142,279,0.02951706994247439,0.04544999730940172,-0.01593292736692733
INFY,LOW_VOL_DOWN,1,61,-0.10427889639590882,0.0009175709048650896,-0.10519646730077391
INFY,LOW_VOL_UP,169,457,0.011261989301287469,0.013946943264708406,-0.002684953963420937
INFY,MED_VOL_DOWN,36,169,-0.07135546421079013,-0.04134991251081657,-0.030005551699973557
INFY,MED_VOL_UP,153,318,0.024566829919229982,0.02124203280336506,0.0033247971158649227
HDFCBANK,HIGH_VOL_DOWN,16,226,-0.009178965718958675,0.006601302835281686,-0.015780268554240362
HDFCBANK,HIGH_VOL_UP,107,279,0.009455998910272328,0.012852292742495807,-0.0033962938322234792
HDFCBANK,LOW_VOL_DOWN,11,61,0.013278444180403016,0.015274717224378344,-0.0019962730439753284
HDFCBANK,LOW_VOL_UP,224,457,-0.006922239864501114,2.8916547876513823e-05,-0.006951156412377628
HDFCBANK,MED_VOL_DOWN,48,169,-0.004104085862841414,0.017802596819453557,-0.02190668268229497
HDFCBANK,MED_VOL_UP,149,318,0.0025728498660905486,0.011375675233548405,-0.008802825367457856
ICICIBANK,HIGH_VOL_DOWN,33,226,-0.030805276325324406,0.0020468560605757954,-0.0328521323859002
ICICIBANK,HIGH_VOL_UP,125,279,0.024341349890537635,0.03426899487285052,-0.009927644982312883
ICICIBANK,LOW_VOL_DOWN,20,61,0.03718334702247077,0.015193334397347835,0.021990012625122932
ICICIBANK,LOW_VOL_UP,260,457,0.0034946047147814516,0.007379632614575637,-0.003885027899794185
ICICIBANK,MED_VOL_DOWN,41,169,0.016989705978125387,0.022980537162449036,-0.005990831184323649
ICICIBANK,MED_VOL_UP,189,318,0.03413894620167244,0.02297242619218162,0.01116652000949082
