Period,Market_Regime,Trades,Other_Trades,Regime_Dates,Total_Dates,Observed_Effect,Null_Mean,Null_Std,Null_Q025,Null_Q975,Permutation_P_Value,Evidence
2020-2021,HIGH_VOL_DOWN,6,60,6,59,0.04213994141103776,0.0009124358905442262,0.032818812918859845,-0.05958306446540942,0.06927362534053952,0.1967803219678032,VERY LOW
2020-2021,HIGH_VOL_UP,13,53,12,59,0.008648877959279395,-0.00011641726253317537,0.024677637417414074,-0.046874162472726286,0.05034525589746857,0.7289271072892711,LOW
2020-2021,LOW_VOL_UP,22,44,20,59,-0.026508120077620018,0.00018345363467491872,0.02083477476429878,-0.03975467775637575,0.041181079706799704,0.20367963203679632,LOW
2020-2021,MED_VOL_DOWN,1,65,1,59,0.02356165540387147,0.0026688235336871408,0.08008080219667561,-0.11452351515952947,0.17617713229901627,0.7501249875012499,VERY LOW
2020-2021,MED_VOL_UP,24,42,20,59,0.0029750960436185046,0.00017768135364096467,0.020836113315644514,-0.04016999119936962,0.04134034353386482,0.8855114488551145,LOW
2022-2023,HIGH_VOL_DOWN,2,51,2,46,-0.08080001049144611,0.0005487152097822885,0.04360798290781654,-0.08092119317909714,0.09486469412792235,0.073992600739926,VERY LOW
2022-2023,HIGH_VOL_UP,2,51,2,46,-0.029643050565215035,0.0014716133644607293,0.044188800786296015,-0.08078854188410799,0.0974836576563726,0.46755324467553244,VERY LOW
2022-2023,LOW_VOL_DOWN,9,44,8,46,0.004482202085506301,0.0006023296435928606,0.023079613879273483,-0.0439935478206259,0.046720221705474976,0.8493150684931506,VERY LOW
2022-2023,LOW_VOL_UP,31,22,26,46,0.025513406480713857,-0.00039233210608836044,0.01781154124059467,-0.0346881796827181,0.034574401669659874,0.1548845115488451,PRELIMINARY
2022-2023,MED_VOL_DOWN,4,49,3,46,-0.06972022668037607,0.0010191964769077084,0.035880244613448964,-0.06653842304519333,0.076798767389066,0.055694430556944306,VERY LOW
2022-2023,MED_VOL_UP,5,48,5,46,0.023980255880940857,0.0004059200440967569,0.027967894880921343,-0.05375840259156931,0.05719401303829541,0.38686131386861317,VERY LOW
2024-2025,HIGH_VOL_DOWN,3,49,3,49,-0.022883497040048224,-5.202972277954969e-05,0.03474719626048235,-0.06873499298099045,0.07544772179442943,0.46285371462853714,VERY LOW
2024-2025,HIGH_VOL_UP,10,42,10,49,0.04677801410402815,0.00044416925989069334,0.020606776916779944,-0.04004800512434835,0.04126828964685807,0.0244975502449755,LOW
2024-2025,LOW_VOL_DOWN,1,51,1,49,0.005724721860231702,-0.0015842378322771088,0.0609356658475262,-0.13535461446103658,0.1209075531723674,0.9016098390160984,VERY LOW
2024-2025,LOW_VOL_UP,25,27,22,49,-0.03347794258601302,-0.00017241445796551522,0.016434741626516786,-0.03150566568900583,0.0314008543570035,0.037196280371962806,LOW
2024-2025,MED_VOL_DOWN,5,47,5,49,0.005419947229097912,-0.0003203108332915622,0.027732275824952267,-0.054725106534098,0.05744513537253403,0.8402159784021598,VERY LOW
2024-2025,MED_VOL_UP,8,44,8,49,0.013491678900693822,0.0002545770930934615,0.02245356668336907,-0.04389808681134261,0.04579524015004212,0.541045895410459,VERY LOW
