Stock,Market_Regime,Total_Days,Signal_Days,Signal_Frequency
RELIANCE,HIGH_VOL_DOWN,226,55,0.24336283185840707
RELIANCE,HIGH_VOL_UP,279,128,0.45878136200716846
RELIANCE,LOW_VOL_DOWN,61,0,0.0
RELIANCE,LOW_VOL_UP,477,264,0.5534591194968553
RELIANCE,MED_VOL_DOWN,169,4,0.023668639053254437
RELIANCE,MED_VOL_UP,318,112,0.3522012578616352
TCS,HIGH_VOL_DOWN,226,39,0.17256637168141592
TCS,HIGH_VOL_UP,279,104,0.3727598566308244
TCS,LOW_VOL_DOWN,61,0,0.0
TCS,LOW_VOL_UP,477,183,0.3836477987421384
TCS,MED_VOL_DOWN,169,34,0.20118343195266272
TCS,MED_VOL_UP,318,121,0.3805031446540881
INFY,HIGH_VOL_DOWN,226,32,0.1415929203539823
INFY,HIGH_VOL_UP,279,142,0.5089605734767025
INFY,LOW_VOL_DOWN,61,1,0.01639344262295082
INFY,LOW_VOL_UP,477,189,0.39622641509433965
INFY,MED_VOL_DOWN,169,36,0.21301775147928995
INFY,MED_VOL_UP,318,153,0.4811320754716981
HDFCBANK,HIGH_VOL_DOWN,226,16,0.07079646017699115
HDFCBANK,HIGH_VOL_UP,279,107,0.3835125448028674
HDFCBANK,LOW_VOL_DOWN,61,11,0.18032786885245902
HDFCBANK,LOW_VOL_UP,477,234,0.49056603773584906
HDFCBANK,MED_VOL_DOWN,169,48,0.28402366863905326
HDFCBANK,MED_VOL_UP,318,149,0.46855345911949686
ICICIBANK,HIGH_VOL_DOWN,226,33,0.14601769911504425
ICICIBANK,HIGH_VOL_UP,279,125,0.44802867383512546
ICICIBANK,LOW_VOL_DOWN,61,20,0.32786885245901637
ICICIBANK,LOW_VOL_UP,477,263,0.5513626834381551
ICICIBANK,MED_VOL_DOWN,169,41,0.24260355029585798
ICICIBANK,MED_VOL_UP,318,189,0.5943396226415094
