Trade_ID,Signal_Date,Entry_Date,Entry_Price,Exit_Date,Exit_Price,Holding_Days,Return,Win,Equity,Equity_Peak,Drawdown
1,2019-10-29,2019-10-30,676.606201171875,2019-11-28,718.962646484375,20,0.0626013259103139,True,106260.1325910314,106260.1325910314,0.0
2,2019-11-28,2019-11-29,723.2142944335938,2019-12-30,706.75634765625,20,-0.0227566668745579,False,103842.00615161094,106260.1325910314,-0.022756666874558018
3,2020-04-30,2020-05-04,658.319580078125,2020-06-02,704.248779296875,20,0.0697673297417333,True,111086.78563583348,111086.78563583348,0.0
4,2020-06-02,2020-06-03,713.0172729492188,2020-07-01,793.7797241210938,20,0.1132685760021228,True,123669.42765745742,123669.42765745742,0.0
5,2020-07-01,2020-07-02,804.3942260742188,2020-07-30,968.6881713867188,20,0.2042455552103144,True,148928.35857189662,148928.35857189662,0.0
6,2020-07-30,2020-07-31,975.8414306640624,2020-08-28,978.379638671875,20,0.0026010455470057,True,149315.72801578292,149315.72801578292,0.0
7,2020-08-28,2020-08-31,1003.3006591796876,2020-09-28,1027.7601318359375,20,0.0243790058667441,True,152955.89702507688,152955.89702507688,0.0
8,2020-09-28,2020-09-29,1026.837158203125,2020-10-28,942.2903442382812,20,-0.0823371196585769,False,140361.94902923814,152955.89702507688,-0.08233711965857704
9,2021-01-04,2021-01-05,908.6931762695312,2021-02-03,889.91015625,20,-0.0206703654325229,False,137460.61624998265,152955.89702507688,-0.10130554673909564
10,2021-02-15,2021-02-16,941.3442993164062,2021-03-17,968.249755859375,20,0.0285819508999067,True,141389.50883431057,152955.89702507688,-0.07561910600197397
11,2021-03-19,2021-03-22,955.7661743164062,2021-04-23,879.6187133789062,20,-0.0796716424830195,False,130124.77443561365,152955.89702507688,-0.14926605010671867
12,2021-06-02,2021-06-03,1024.9910888671875,2021-07-01,977.4566650390624,20,-0.046375450815538,False,124090.17935889188,152955.89702507688,-0.18871922055710288
13,2021-08-26,2021-08-27,1032.3751220703125,2021-09-27,1147.7501220703125,20,0.1117568580775449,True,137958.10792232066,152955.89702507688,-0.09805302962786289
14,2021-09-27,2021-09-28,1169.4405517578125,2021-10-27,1223.8975830078125,20,0.046566737546551,True,144382.36692635814,152955.89702507688,-0.05605230177763676
15,2021-10-27,2021-10-28,1209.1295166015625,2021-11-29,1125.644287109375,20,-0.0690457294656367,False,134413.38107995252,152955.89702507688,-0.12122785917880852
16,2022-01-18,2022-01-19,1167.5946044921875,2022-02-17,1116.875732421875,20,-0.0434387687945605,False,128574.6292963253,152955.89702507688,-0.15940063902704127
17,2022-03-28,2022-03-29,1217.4365234375,2022-04-28,1296.79150390625,20,0.0651820271045318,True,136955.3842680735,152955.89702507688,-0.10460866869604968
18,2022-04-28,2022-04-29,1318.11279296875,2022-05-30,1206.822021484375,20,-0.0844319030040804,False,125391.98054766496,152955.89702507688,-0.18020826273139934
19,2022-06-10,2022-06-13,1222.974609375,2022-07-11,1096.75439453125,20,-0.1032075513883765,False,112450.58127160152,152955.89702507688,-0.26481696058331494
20,2022-08-17,2022-08-18,1227.589599609375,2022-09-16,1173.940185546875,20,-0.0437030535934578,False,107536.14749167324,152955.89702507688,-0.2969467043559435
21,2022-11-10,2022-11-11,1199.8995361328125,2022-12-09,1221.1285400390625,20,0.0176923177874286,True,109438.71118673171,152955.89702507688,-0.2845080620279098
22,2022-12-13,2022-12-14,1217.2750244140625,2023-01-11,1177.9783935546875,20,-0.0322824588291298,False,105905.76049853301,152955.89702507688,-0.3076059010580682
23,2023-05-09,2023-05-10,1149.1346435546875,2023-06-07,1147.7501220703125,20,-0.00120483834696,False,105778.16117712042,152955.89702507688,-0.30844012401968224
24,2023-06-07,2023-06-08,1156.5185546875,2023-07-07,1216.0521240234375,20,0.0514765362774694,True,111223.25452831846,152955.89702507688,-0.27284101697573915
25,2023-07-07,2023-07-10,1240.9268798828125,2023-08-07,1260.5,20,0.0157729842382299,True,112977.57716891826,152955.89702507688,-0.2613715497978103
26,2023-08-10,2023-08-11,1266.2249755859375,2023-09-11,1226.0,20,-0.0317676371588893,False,109388.54649032565,152955.89702507688,-0.28483603039906613
27,2023-11-28,2023-11-29,1204.0,2023-12-28,1294.9000244140625,20,0.0754983591478923,True,117647.20225991818,152955.89702507688,-0.2308423241725024
28,2023-12-28,2023-12-29,1305.550048828125,2024-01-30,1459.949951171875,20,0.1182642538157314,True,131560.66084869584,152955.89702507688,-0.1398784655741211
29,2024-01-30,2024-01-31,1404.0,2024-02-28,1483.0,20,0.0562678062678063,True,138963.29062579485,152955.89702507688,-0.09148131370827739
30,2024-02-28,2024-02-29,1465.0,2024-04-02,1484.0,20,0.0129692832764505,True,140765.54490694852,152955.89702507688,-0.0796984775038112
31,2024-04-02,2024-04-03,1482.074951171875,2024-05-06,1435.5,20,-0.0314255032345349,False,136341.91682016416,152955.89702507688,-0.10861941597576252
32,2024-06-13,2024-06-14,1470.0,2024-07-15,1604.449951171875,20,0.0914625518176019,True,148812.0964522396,152955.89702507688,-0.027091473120241294
33,2024-07-15,2024-07-16,1593.5,2024-08-14,1463.550048828125,20,-0.0815500164241449,False,136676.46754244802,152955.89702507688,-0.10643217946647632
34,2025-04-28,2025-04-29,1371.0,2025-05-28,1420.0999755859375,20,0.0358132571742797,True,141571.2970242178,152955.89702507688,-0.07443060530704859
35,2025-05-28,2025-05-29,1412.0999755859375,2025-06-26,1469.0999755859375,20,0.0403654139122469,True,147285.88102669403,152955.89702507688,-0.037069613585759664
36,2025-06-26,2025-06-27,1499.4000244140625,2025-07-25,1398.9000244140625,20,-0.067026809632922,False,137413.7783175006,152955.89702507688,-0.10161176528570304
37,2025-10-23,2025-10-24,1450.0,2025-11-24,1550.0,20,0.0689655172413792,True,146890.59061525925,152955.89702507688,-0.03965395599506194
38,2025-11-24,2025-11-25,1535.9000244140625,2025-12-23,1580.9000244140625,20,0.0292987820070953,True,151194.30600858922,152955.89702507688,-0.011516986600384804
