Stock,Signal_Date,Entry_Date,Exit_Date,Entry_Price,Exit_Price,Capital,Return,PnL
ICICIBANK,2019-10-29,2019-10-30,2019-11-28,479.0,509.5499877929688,30000.0,0.06377868015233568,1913.3604045700704
RELIANCE,2019-10-29,2019-10-30,2019-11-28,676.606201171875,718.962646484375,30000.0,0.06260132591031398,1878.0397773094194
HDFCBANK,2019-10-30,2019-10-31,2019-11-29,628.8499755859375,633.8499755859375,12000.0,0.007951022014974551,95.41226417969462
TCS,2019-11-13,2019-11-14,2019-12-12,2187.5,2051.10009765625,7000.0,-0.06235424107142862,-436.4796875000003
ICICIBANK,2019-11-28,2019-11-29,2019-12-30,516.0,549.5999755859375,25437.42005456385,0.06511623175569281,1656.3889395398876
RELIANCE,2019-11-28,2019-11-29,2019-12-30,723.2142944335938,706.75634765625,25437.42005456385,-0.022756666874557907,-578.8708943299081
HDFCBANK,2019-11-29,2019-12-02,2019-12-31,636.9749755859375,640.9749755859375,13803.59170107945,0.006279681546862204,86.68216008568888
ICICIBANK,2019-12-30,2019-12-31,2020-01-28,543.7999877929688,538.0999755859375,27217.277730806913,-0.010481817460432419,-285.28653694421035
HDFCBANK,2019-12-31,2020-01-01,2020-01-29,638.0499877929688,612.6500244140625,23219.17656991438,-0.03980873578066413,-924.3260651163088
TCS,2019-12-31,2020-01-01,2020-01-29,2168.0,2185.0,23219.17656991438,0.00784132841328411,182.0691889707303
INFY,2020-01-03,2020-01-06,2020-02-03,746.0999755859375,782.0,7739.7255233047945,0.04811690871034946,372.4116664480185
INFY,2020-02-03,2020-02-04,2020-03-04,770.0999755859375,753.9000244140625,31187.820365163927,-0.02103616632314409,-656.0721764579288
ICICIBANK,2020-02-04,2020-02-05,2020-03-05,529.0499877929688,509.75,21831.47425561475,-0.03648046165445018,-796.4222594420702
RELIANCE,2020-04-30,2020-05-04,2020-06-02,658.319580078125,704.248779296875,30752.07203439393,0.06976732974173339,2145.489949865099
RELIANCE,2020-06-02,2020-06-03,2020-07-01,713.0172729492188,793.7797241210938,31395.719019353455,0.11326857600212281,3556.1483858849297
TCS,2020-06-04,2020-06-05,2020-07-03,2091.60009765625,2163.64990234375,21977.003313547422,0.03444721807396922,757.0466257541123
INFY,2020-06-23,2020-06-24,2020-07-22,716.9000244140625,938.9500122070312,15383.902319483195,0.30973633732884154,4764.953558261394
RELIANCE,2020-07-01,2020-07-02,2020-07-30,804.3942260742188,968.6881713867188,21254.29184520975,0.2042455552103144,4341.0946385269235
TCS,2020-07-03,2020-07-06,2020-08-03,2205.0,2290.449951171875,21698.219273437287,0.038752812322845775,840.8670192434702
HDFCBANK,2020-07-09,2020-07-10,2020-08-07,558.9500122070312,517.4249877929688,12657.294576171751,-0.07429112354806056,-940.3246351425723
INFY,2020-07-22,2020-07-23,2020-08-20,915.6500244140624,958.9000244140624,14530.18490156496,0.047234203950003995,686.321717071788
RELIANCE,2020-07-30,2020-07-31,2020-08-28,975.8414306640624,978.379638671875,20755.782356529464,0.002601045547005798,53.98673527307247
TCS,2020-08-05,2020-08-06,2020-09-03,2275.0,2268.0,21290.77353737485,-0.003076923076923088,-65.51007242269209
INFY,2020-08-20,2020-08-21,2020-09-18,963.0499877929688,1011.0,22983.584444062173,0.04978974385007651,1144.3467822264586
RELIANCE,2020-08-28,2020-08-31,2020-09-28,1003.3006591796876,1027.7601318359375,22331.43983838428,0.02437900586674413,544.418302832814
HDFCBANK,2020-09-02,2020-09-03,2020-10-01,568.625,545.0499877929688,15632.007886868996,-0.041459682931688335,-648.09809057524
TCS,2020-09-07,2020-09-08,2020-10-07,2335.949951171875,2742.0,17309.984560293946,0.17382651911031832,3008.934361969251
INFY,2020-09-18,2020-09-21,2020-10-20,1001.0,1118.9000244140625,19355.36856009235,0.1177822421718906,2279.7187070709942
RELIANCE,2020-09-28,2020-09-29,2020-10-28,1026.837158203125,942.2903442382812,20411.515434429773,-0.08233711965857693,-1680.6253887375342
HDFCBANK,2020-10-07,2020-10-08,2020-11-05,590.0,633.0,20732.42451638994,0.07288135593220346,1511.0072105165564
TCS,2020-10-07,2020-10-08,2020-11-05,2800.0,2685.0,20732.42451638994,-0.04107142857142854,-851.5102926374432
ICICIBANK,2020-10-19,2020-10-20,2020-11-17,413.5,490.5,10366.21225819497,0.18621523579201926,1930.3466599298968
INFY,2020-10-20,2020-10-21,2020-11-18,1141.1500244140625,1128.5,13183.431010437063,-0.011085329836940438,-146.14268113324383
HDFCBANK,2020-11-05,2020-11-06,2020-12-07,633.125,687.5,30121.658708298724,0.08588351431391916,2586.9539068331615
ICICIBANK,2020-11-17,2020-11-18,2020-12-17,488.0,514.0,24774.128771246567,0.05327868852459017,1319.9330902713336
INFY,2020-11-23,2020-11-24,2020-12-23,1145.0,1238.0,17710.89719888645,0.08122270742358073,1438.5270213942697
TCS,2020-11-23,2020-11-24,2020-12-23,2734.39990234375,2876.050048828125,17710.89719888645,0.051803010365441216,917.4777911751786
HDFCBANK,2020-12-07,2020-12-08,2021-01-06,687.5,717.5,17032.601753226198,0.043636363636363695,743.2408037771442
ICICIBANK,2020-12-17,2020-12-18,2021-01-18,514.0,544.5,19297.966780299124,0.05933852140077822,1145.1128147842867
INFY,2020-12-23,2020-12-24,2021-01-22,1249.9000244140625,1327.0,28701.509865371918,0.0616849140570912,1770.450169354222
TCS,2020-12-23,2020-12-24,2021-01-22,2909.0,3241.89990234375,28701.509865371918,0.11443791761558963,3284.541021416465
RELIANCE,2021-01-04,2021-01-05,2021-02-03,908.6931762695312,889.91015625,7653.735964099178,-0.020670365432522986,-158.20551930197365
HDFCBANK,2021-01-06,2021-01-07,2021-02-05,716.25,774.0,12097.696603350014,0.08062827225130897,975.4163753486407
ICICIBANK,2021-01-18,2021-01-19,2021-02-17,539.0,654.7999877929688,14184.042351283362,0.21484227790903287,3047.331968707912
INFY,2021-01-22,2021-01-25,2021-02-23,1345.0,1271.1500244140625,21002.027595072923,-0.054907045045306746,-1153.1592752054444
TCS,2021-01-22,2021-01-25,2021-02-23,3308.949951171875,2970.0,21002.027595072923,-0.10243429371055757,-2151.3278631909347
HDFCBANK,2021-02-05,2021-02-08,2021-03-08,810.0,771.0,20893.681552178652,-0.04814814814814816,-1005.9920747345279
RELIANCE,2021-02-15,2021-02-16,2021-03-17,941.3442993164062,968.249755859375,18804.313396960788,0.028581950899906783,537.4639622183926
ICICIBANK,2021-02-17,2021-02-18,2021-03-19,650.0,575.2000122070312,18332.43167386993,-0.115076904296875,-2109.63948526293
INFY,2021-03-15,2021-03-16,2021-04-16,1386.050048828125,1365.0,30408.87943046703,-0.01518707700773314,-461.8219936293751
RELIANCE,2021-03-19,2021-03-22,2021-04-23,955.7661743164062,879.6187133789062,31955.586465662775,-0.0796716424830195,-2545.9540602275015
TCS,2021-04-07,2021-04-08,2021-05-10,3270.0,3145.949951171875,22368.91052596394,-0.037935794748662044,-848.5823984641539
INFY,2021-04-20,2021-04-22,2021-05-21,1355.550048828125,1347.5,24642.35459922605,-0.005938584735461605,-146.3407108687959
ICICIBANK,2021-05-14,2021-05-17,2021-06-14,603.25,635.7000122070312,32528.636379338757,0.0537919804509428,1749.7797722132173
HDFCBANK,2021-06-01,2021-06-02,2021-06-30,755.0,749.0,30118.849632044305,-0.007947019867549643,-239.35509641359633
RELIANCE,2021-06-02,2021-06-03,2021-07-01,1024.9910888671875,977.4566650390624,21083.194742431013,-0.046375450815538066,-977.7426608120202
INFY,2021-06-09,2021-06-10,2021-07-08,1424.0,1568.0,12298.53026641809,0.101123595505618,1243.6715999748635
ICICIBANK,2021-06-14,2021-06-15,2021-07-13,636.3499755859375,655.1500244140625,14234.80139016125,0.02954356808266434,420.5468240134339
TCS,2021-06-14,2021-06-15,2021-07-13,3298.0,3214.0,14234.80139016125,-0.025469981807155873,-362.56013243588416
HDFCBANK,2021-07-06,2021-07-07,2021-08-05,767.0,733.5499877929688,23172.33769693336,-0.043611489187785235,-1010.5801549255174
INFY,2021-07-08,2021-07-09,2021-08-09,1556.0,1661.0,20764.803739298255,0.06748071979434456,1401.2239027161436
ICICIBANK,2021-07-13,2021-07-14,2021-08-12,662.0,693.5,27246.600206938445,0.047583081570997,1296.4772001790957
INFY,2021-08-09,2021-08-10,2021-09-08,1668.0,1700.8499755859375,32370.955700063583,0.019694229967588406,637.5210458276689
ICICIBANK,2021-08-12,2021-08-13,2021-09-14,707.0499877929688,713.25,31222.59221217977,0.008768845646096812,273.7860917796288
TCS,2021-08-16,2021-08-17,2021-09-16,3482.10009765625,3930.0,21855.81454852584,0.12862924378458418,2811.2968976729917
HDFCBANK,2021-08-25,2021-08-26,2021-09-24,775.0,789.5,12749.22515330674,0.01870967741935492,238.53388996509486
RELIANCE,2021-08-26,2021-08-27,2021-09-27,1032.3751220703125,1147.7501220703125,7649.535091984044,0.11175685807754498,854.8880076340608
INFY,2021-09-08,2021-09-09,2021-10-08,1685.9000244140625,1705.25,12721.323422765487,0.011477534436042713,146.00942765682763
ICICIBANK,2021-09-14,2021-09-15,2021-10-13,707.0999755859375,713.8499755859375,20595.417998755336,0.009546033422510813,196.6045485666992
TCS,2021-09-16,2021-09-17,2021-10-18,3920.0,3603.449951171875,21613.34136061621,-0.08075256347656246,-1745.3327201637733
HDFCBANK,2021-09-24,2021-09-27,2021-10-26,807.8499755859375,825.0,15565.556625024094,0.02122921944959333,330.4446174477078
RELIANCE,2021-09-27,2021-09-28,2021-10-27,1169.4405517578125,1223.8975830078125,14153.329919942895,0.04656673754655105,659.0743997917292
INFY,2021-10-08,2021-10-11,2021-11-10,1682.0,1726.0,17370.16313254847,0.026159334126040434,454.3919012081646
ICICIBANK,2021-10-14,2021-10-18,2021-11-16,739.0,773.2999877929688,18225.62798624186,0.046414056553408356,845.9253280748118
HDFCBANK,2021-10-26,2021-10-27,2021-11-26,826.375,750.0,27132.268152494944,-0.09242172137346849,-2507.6109274201203
RELIANCE,2021-10-27,2021-10-28,2021-11-29,1209.1295166015625,1125.644287109375,19530.257502222372,-0.0690457294656367,-1348.4808758926674
INFY,2021-11-10,2021-11-11,2021-12-10,1732.949951171875,1760.0,22924.598262127125,0.015609249886203047,357.8357828143584
ICICIBANK,2021-11-16,2021-11-17,2021-12-16,760.9000244140625,757.9000244140625,21768.684777783987,-0.003942699308375208,-85.82737841760685
INFY,2021-12-10,2021-12-13,2022-01-10,1767.050048828125,1815.0,35064.739713352596,0.027135593133694513,951.5025102004361
TCS,2021-12-20,2021-12-21,2022-01-18,3582.64990234375,4033.949951171875,31050.175019156737,0.12596822495351478,3911.3354316591412
INFY,2022-01-10,2022-01-11,2022-02-09,1855.0,1735.0,32539.995180475627,-0.06469002695417791,-2105.013165313788
ICICIBANK,2022-01-12,2022-01-13,2022-02-11,821.0,796.8499755859375,22777.996626332937,-0.02941537687461937,-670.023355212392
RELIANCE,2022-01-18,2022-01-19,2022-02-17,1167.5946044921875,1116.875732421875,22027.54231139818,-0.043438768794560545,-956.8493175772254
TCS,2022-01-18,2022-01-19,2022-02-17,4012.0,3825.0,22027.54231139818,-0.04661016949152541,-1026.7074806160167
HDFCBANK,2022-01-21,2022-01-24,2022-02-22,754.9749755859375,744.9000244140625,11013.77115569909,-0.013344748498525849,-146.97600609312275
INFY,2022-03-22,2022-03-23,2022-04-22,1897.0,1604.3499755859375,41556.77751827662,-0.1542699127116829,-6410.96044032336
RELIANCE,2022-03-28,2022-03-29,2022-04-28,1217.4365234375,1296.79150390625,29089.744262793633,0.0651820271045318,1896.128499001313
HDFCBANK,2022-04-06,2022-04-07,2022-05-10,770.6500244140625,657.5250244140625,16969.017486629622,-0.14679166471967708,-2490.910325519673
TCS,2022-04-06,2022-04-07,2022-05-10,3745.5,3434.0,16969.017486629622,-0.08316646642637837,-1411.2532230904098
ICICIBANK,2022-04-20,2022-04-21,2022-05-20,759.0499877929688,694.7999877929688,10181.410491977773,-0.0846452816458304,-861.8083586452713
RELIANCE,2022-04-28,2022-04-29,2022-05-30,1318.11279296875,1206.822021484375,26966.4942963089,-0.08443190300408043,-2276.832430786041
RELIANCE,2022-06-10,2022-06-13,2022-07-11,1222.974609375,1096.75439453125,38090.08663446758,-0.10320755138837656,-3931.184573714528
ICICIBANK,2022-07-14,2022-07-15,2022-08-16,753.25,881.4500122070312,36910.73126235323,0.17019583432729002,6282.052702826594
HDFCBANK,2022-08-08,2022-08-10,2022-09-09,730.6749877929688,748.0999755859375,25837.511883647257,0.023847795646600112,616.1677034178217
ICICIBANK,2022-08-16,2022-08-17,2022-09-15,881.7999877929688,920.0,31044.09350810703,0.043320495277666016,1344.8455062173728
RELIANCE,2022-08-17,2022-08-18,2022-09-16,1227.589599609375,1173.940185546875,21730.86545567492,-0.04370305359345783,-949.7051776415825
HDFCBANK,2022-09-09,2022-09-12,2022-10-11,750.0,700.5499877929688,23147.70969509197,-0.06593334960937502,-1526.2060359828185
ICICIBANK,2022-09-15,2022-09-16,2022-10-17,914.9000244140624,872.0,25920.078490861702,-0.046890395965982434,-1215.4027439058495
ICICIBANK,2022-10-31,2022-11-01,2022-11-30,921.0,948.0499877929688,38276.25684883269,0.029370236474450362,1124.1827150070162
HDFCBANK,2022-11-10,2022-11-11,2022-12-09,772.5,813.0,26793.37979418288,0.05242718446601935,1404.7014649377415
RELIANCE,2022-11-10,2022-11-11,2022-12-09,1199.8995361328125,1221.1285400390625,26793.37979418288,0.017692317787428635,474.0369899179528
INFY,2022-11-14,2022-11-15,2022-12-13,1577.8499755859375,1547.199951171875,8931.12659806096,-0.019425182931400387,-173.48876795082978
TCS,2022-11-24,2022-11-25,2022-12-23,3383.0,3217.0,5358.675958836577,-0.04906887378066804,-262.9441942556523
ICICIBANK,2022-11-30,2022-12-01,2022-12-29,956.0,897.9000244140625,12167.028679837204,-0.06077403303968354,-739.4394029832034
HDFCBANK,2022-12-09,2022-12-12,2023-01-09,812.5,798.0,31240.08382877108,-0.017846153846153845,-557.5153421749916
RELIANCE,2022-12-13,2022-12-14,2023-01-11,1217.2750244140625,1177.9783935546875,24495.350029172794,-0.032282458829129834,-790.770128821895
HDFCBANK,2023-01-24,2023-01-25,2023-02-23,845.7000122070312,806.5,38419.885848935526,-0.04635214809176913,-1780.8442385387245
TCS,2023-01-25,2023-01-27,2023-02-24,3426.0,3422.5,26893.920094254867,-0.0010215995329830863,-27.474816208375213
INFY,2023-02-09,2023-02-10,2023-03-13,1612.949951171875,1464.199951171875,18825.744065978408,-0.09222232834436495,-1736.1539505796407
ICICIBANK,2023-04-12,2023-04-13,2023-05-15,891.0999755859375,943.75,37356.5439473375,0.05908430687526711,2207.185506383891
HDFCBANK,2023-04-20,2023-04-21,2023-05-22,834.5,822.5,26149.58076313625,-0.014379868184541622,-376.0275244549246
RELIANCE,2023-05-09,2023-05-10,2023-06-07,1149.1346435546875,1147.7501220703125,18304.706534195375,-0.0012048383469600576,-22.054212362248922
ICICIBANK,2023-05-15,2023-05-16,2023-06-13,950.0,935.9000244140624,24682.41341005318,-0.01484207956414485,-366.3383436671251
TCS,2023-05-22,2023-05-23,2023-06-20,3306.0,3214.0,25009.755358641625,-0.027828191167574068,-695.9762531745391
RELIANCE,2023-06-07,2023-06-08,2023-07-07,1156.5185546875,1216.0521240234375,22991.62444759908,0.0514765362774694,1183.5291899547863
ICICIBANK,2023-06-14,2023-06-15,2023-07-14,940.7000122070312,959.75,23388.95963323517,0.020250863767158345,473.6466351882112
HDFCBANK,2023-07-07,2023-07-10,2023-08-07,830.5,831.5499877929688,30918.951566170905,0.001264283916879938,39.090333191899646
RELIANCE,2023-07-07,2023-07-10,2023-08-07,1240.9268798828125,1260.5,30918.951566170905,0.015772984238229926,487.68413571580817
TCS,2023-07-14,2023-07-17,2023-08-14,3510.0,3440.699951171875,19526.362506995378,-0.019743603654736486,-385.5207621568234
ICICIBANK,2023-07-18,2023-07-19,2023-08-17,980.0,956.9500122070312,9112.302503264511,-0.023520395707110953,-214.32496067967898
INFY,2023-07-18,2023-07-19,2023-08-17,1486.0,1420.0,9112.302503264511,-0.044414535666218,-404.7186845326092
HDFCBANK,2023-08-08,2023-08-09,2023-09-07,826.5,797.75,26910.475533312914,-0.03478523895946761,-936.0873219391964
RELIANCE,2023-08-10,2023-08-11,2023-09-11,1266.2249755859375,1226.0,18837.33287331904,-0.031767637158889306,-598.417555760817
TCS,2023-08-21,2023-08-22,2023-09-20,3400.0,3580.0,24210.053943169918,0.05294117647058827,1281.70873816782
INFY,2023-08-30,2023-08-31,2023-09-29,1435.1500244140625,1432.0999755859375,16947.037760218944,-0.0021252473791861792,-36.016647584874526
ICICIBANK,2023-09-20,2023-09-21,2023-10-20,979.9500122070312,932.0,32774.446295234164,-0.04893107975889388,-1603.6890457256868
TCS,2023-09-20,2023-09-21,2023-10-20,3588.550048828125,3450.39990234375,32774.446295234164,-0.03849748355313842,-1261.7337072139958
INFY,2023-10-06,2023-10-09,2023-11-07,1464.9000244140625,1400.0,18183.084851883883,-0.044303381345100035,-805.5721422233235
RELIANCE,2023-11-28,2023-11-29,2023-12-28,1204.0,1294.9000244140625,36746.45416047548,0.07549835914789238,2774.2969936191416
HDFCBANK,2023-12-05,2023-12-06,2024-01-04,819.2249755859375,839.0,25722.51791233283,0.02413869816397951,620.9080959033586
ICICIBANK,2023-12-05,2023-12-06,2024-01-04,1014.0,986.4000244140624,25722.51791233283,-0.02721891083425798,-700.138921488391
INFY,2023-12-06,2023-12-07,2024-01-05,1472.8499755859375,1506.75,8574.17263744428,0.023016617426073083,197.34845134115903
TCS,2023-12-08,2023-12-11,2024-01-09,3622.89990234375,3709.949951171875,5144.503582466568,0.024027726731232546,123.61072624735355
RELIANCE,2023-12-28,2023-12-29,2024-01-30,1305.550048828125,1459.949951171875,12019.75309679218,0.11826425381573147,1421.5071310414546
HDFCBANK,2024-01-04,2024-01-05,2024-02-06,843.5750122070312,722.7750244140625,24861.20434656234,-0.14320005458307938,-3560.1258194288175
INFY,2024-01-05,2024-01-08,2024-02-07,1528.949951171875,1729.0,20838.783532118112,0.13084146323742973,2726.576929430388
TCS,2024-01-09,2024-01-10,2024-02-09,3690.0,4136.5498046875,20335.339471520478,0.12101620723238482,2460.905655626417
ICICIBANK,2024-01-23,2024-01-24,2024-02-22,1029.449951171875,1056.0,11862.281358386947,0.025790519294213166,305.9343962468637
RELIANCE,2024-01-30,2024-01-31,2024-02-28,1404.0,1483.0,12257.02607574862,0.056267806267806364,689.6759686496742
INFY,2024-02-07,2024-02-08,2024-03-07,1698.0,1616.5999755859375,20409.379303981972,-0.047938765850449094,-978.4004556065935
TCS,2024-02-09,2024-02-12,2024-03-12,4130.0,4122.35009765625,21006.095759773205,-0.001852276596549629,-38.909099560708306
ICICIBANK,2024-02-22,2024-02-23,2024-03-26,1070.0,1081.0,18796.625758488357,0.010280373831775602,193.23633957324293
RELIANCE,2024-02-28,2024-02-29,2024-04-02,1465.0,1484.0,17334.14482996584,0.012969283276450527,224.81143465484735
TCS,2024-03-12,2024-03-13,2024-04-15,4205.0,4001.39990234375,27720.17999954562,-0.048418572569857266,-1342.1715469575056
ICICIBANK,2024-03-26,2024-03-27,2024-04-29,1083.699951171875,1108.0,25101.08462910041,0.022423225914006695,562.8472913249194
RELIANCE,2024-04-02,2024-04-03,2024-05-06,1482.074951171875,1435.5,22838.446119756492,-0.03142550323453497,-717.7096624081603
ICICIBANK,2024-04-29,2024-04-30,2024-05-30,1159.949951171875,1097.0,31599.494395733574,-0.054269540774822156,-1714.8900495730275
ICICIBANK,2024-06-03,2024-06-04,2024-07-03,1157.9000244140625,1196.8499755859375,37721.248318066166,0.033638440582627105,1268.8839702497912
HDFCBANK,2024-06-10,2024-06-11,2024-07-10,778.0,814.9749755859375,26404.873822646317,0.04752567556033105,1254.9094665065672
RELIANCE,2024-06-13,2024-06-14,2024-07-15,1470.0,1604.449951171875,18483.41167585242,0.09146255181760199,1690.5399981687217
INFY,2024-06-19,2024-06-20,2024-07-19,1516.300048828125,1844.0,10781.990144247247,0.21611814325610457,2330.1836905803343
ICICIBANK,2024-07-03,2024-07-04,2024-08-02,1229.0,1197.0,14267.220544211541,-0.026037428803905582,-371.4817391495271
TCS,2024-07-03,2024-07-04,2024-08-02,3999.85009765625,4365.0,14267.220544211541,0.09129089676578461,1302.4673578362972
HDFCBANK,2024-07-10,2024-07-11,2024-08-09,811.9749755859375,826.0,14092.288984357503,0.017272729869466374,243.4123008692638
RELIANCE,2024-07-15,2024-07-16,2024-08-14,1593.5,1463.550048828125,15308.621522290232,-0.08155001642414494,-1248.4183365737872
INFY,2024-07-19,2024-07-22,2024-08-20,1800.1500244140625,1880.0,18586.664980997124,0.04435740049606607,824.4561424482956
TCS,2024-08-02,2024-08-05,2024-09-03,4239.0,4521.0498046875,25567.626495030363,0.06653687300955413,1701.1899172555468
INFY,2024-08-20,2024-08-21,2024-09-18,1875.0999755859373,1938.75,32239.446224837844,0.033944869736437955,1094.363802477017
TCS,2024-09-03,2024-09-04,2024-10-03,4476.9501953125,4262.60009765625,30748.257281072263,-0.047878597774145604,-1472.1834426164028
ICICIBANK,2024-09-11,2024-09-12,2024-10-11,1238.0,1237.0,21523.780096750583,-0.0008077544426494665,-17.385928995760448
HDFCBANK,2024-09-12,2024-09-13,2024-10-14,837.0,828.0250244140625,12555.538389771174,-0.010722790425253925,-134.63040682974645
INFY,2024-09-18,2024-09-19,2024-10-18,1910.5999755859373,1893.800048828125,21300.12755898851,-0.008793011081589808,-187.29225766546244
HDFCBANK,2024-10-14,2024-10-15,2024-11-12,847.0,886.0,33871.102088037595,0.046044864226682414,1559.5902968517903
ICICIBANK,2024-10-29,2024-10-30,2024-11-29,1324.0,1283.0999755859375,30043.62205202323,-0.030891257110319148,-928.0852533343037
HDFCBANK,2024-11-12,2024-11-13,2024-12-13,858.375,931.25,31659.743151883074,0.08489879132080969,2687.873927122155
ICICIBANK,2024-12-02,2024-12-03,2025-01-01,1303.949951171875,1281.6500244140625,30896.481245924835,-0.017101827211827625,-528.3862837212793
TCS,2024-12-03,2024-12-04,2025-01-02,4313.5498046875,4120.0,21627.536872147382,-0.044870191246469626,-970.4317156433266
INFY,2024-12-09,2024-12-10,2025-01-08,1939.0,1930.0,12616.06317541931,-0.004641567818463144,-58.558312830724205
HDFCBANK,2024-12-13,2024-12-16,2025-01-14,932.5499877929688,819.9500122070312,18048.951651315787,-0.12074417142229943,-2179.3057121792676
HDFCBANK,2025-02-28,2025-03-03,2025-04-02,869.9000244140625,885.3499755859375,40079.76176231402,0.017760605515882766,711.8408378310215
ICICIBANK,2025-03-21,2025-03-24,2025-04-25,1355.949951171875,1410.0,28055.83323361982,0.039861389265446245,1118.344489691763
HDFCBANK,2025-04-02,2025-04-03,2025-05-07,890.5499877929688,967.0,31876.564043577382,0.08584584049739385,2736.470432489904
ICICIBANK,2025-04-25,2025-04-28,2025-05-27,1405.5999755859375,1452.5,31065.848147497643,0.03336655181322956,1036.5602318354017
RELIANCE,2025-04-28,2025-04-29,2025-05-28,1371.0,1420.0999755859375,21746.093703248353,0.035813257174279745,778.7984463304186
HDFCBANK,2025-05-07,2025-05-08,2025-06-05,977.4000244140624,974.0,25606.175935094034,-0.0034786416299720235,-89.07470959220592
ICICIBANK,2025-05-27,2025-05-28,2025-06-25,1447.5999755859375,1422.0,27555.045668365736,-0.017684426649410168,-487.2951839433612
RELIANCE,2025-05-28,2025-05-29,2025-06-26,1412.0999755859375,1469.0999755859375,26045.999612729644,0.040365413912246906,1051.3575551260546
HDFCBANK,2025-06-05,2025-06-06,2025-07-04,972.0,993.5499877929688,25887.330096561298,0.022170769334330043,573.9420242525204
RELIANCE,2025-06-26,2025-06-27,2025-07-25,1499.4000244140625,1398.9000244140625,34370.66336327633,-0.06702680963292207,-2303.7559102075716
HDFCBANK,2025-07-04,2025-07-07,2025-08-04,994.5,1005.0499877929688,31997.84599053757,0.01060833362792235,339.4438256425001
ICICIBANK,2025-07-23,2025-07-24,2025-08-22,1487.699951171875,1444.300048828125,22398.4921933763,-0.02917248354385138,-653.4196449183537
HDFCBANK,2025-08-04,2025-08-05,2025-09-04,993.25,960.2000122070312,35000.20371613806,-0.03327459128413668,-1164.6174735160157
HDFCBANK,2025-10-23,2025-10-24,2025-11-24,1011.0,1000.0,41174.34023862064,-0.010880316518298683,-447.9898542283143
RELIANCE,2025-10-23,2025-10-24,2025-11-24,1450.0,1550.0,41174.34023862064,0.06896551724137923,2839.6096716290062
HDFCBANK,2025-11-24,2025-11-25,2025-12-23,1004.0,990.5,41891.82618384085,-0.01344621513944222,-563.2865074520428
RELIANCE,2025-11-24,2025-11-25,2025-12-23,1535.9000244140625,1580.9000244140625,41891.82618384085,0.029298782007095348,1227.3794832394822
INFY,2025-11-27,2025-11-28,2025-12-29,1565.0,1658.0,16756.730473536343,0.05942492012779543,995.7673699928929
