Stock,Signal_Date,Entry_Date,Exit_Date,Entry_Price,Exit_Price,Capital,Shares,Entry_Cost,Exit_Cost,Entry_Portfolio_Equity,Target_Weight,Entry_Weight,Return,PnL
ICICIBANK,2019-10-29,2019-10-30,2019-11-28,479.0,509.5499877929688,30000.0,62.63048016701461,120.0,127.65344161828028,100000.0,0.3,0.3,0.05552356543172633,1665.70696295179
RELIANCE,2019-10-29,2019-10-30,2019-11-28,676.606201171875,718.962646484375,30000.0,44.33893740264323,120.0,127.51215910923769,100000.0,0.3,0.3,0.054350920606672716,1630.5276182001815
HDFCBANK,2019-10-30,2019-10-31,2019-11-29,628.8499755859375,633.8499755859375,29877.16786661307,47.51080389050617,119.50867146645227,120.4588875442624,99590.5595553769,0.3,0.3,-8.07820730853364e-05,-2.4135395581836008
TCS,2019-11-13,2019-11-14,2019-12-12,2187.5,2051.10009765625,9724.425758884938,4.445451775490257,38.89770303553975,36.472266283336864,100377.5977860135,0.09726596050579006,0.09687844671891449,-0.07010482410714285,-681.7291573695977
ICICIBANK,2019-11-28,2019-11-29,2019-12-30,516.0,549.5999755859375,30839.779359471144,59.767014262540975,123.35911743788458,131.3917983181476,102799.26453157049,0.3,0.3,0.0568557668286701,1753.4193043097243
RELIANCE,2019-11-28,2019-11-29,2019-12-30,723.2142944335938,706.75634765625,30839.779359471144,42.64265736564874,123.35911743788458,120.55187509641115,102799.26453157049,0.3,0.3,-0.0306656402070598,-945.7215779026512
HDFCBANK,2019-11-29,2019-12-02,2019-12-31,636.9749755859375,640.9749755859375,30792.266235756393,48.3414065166867,123.16906494302557,123.94252744729255,102640.88745252132,0.3,0.3,-0.0017454371793253303,-53.74596632357324
ICICIBANK,2019-12-30,2019-12-31,2020-01-28,543.7999877929688,538.0999755859375,31009.8130932923,57.02429898747646,124.0392523731692,122.73909557186514,103366.04364430768,0.3,0.3,-0.01843989019059068,-571.8175482710511
HDFCBANK,2019-12-31,2020-01-01,2020-01-29,638.0499877929688,612.6500244140625,30905.883514252666,48.43802853308862,123.62353405701067,118.7022374534632,103019.61171417555,0.3,0.3,-0.047649500837541436,-1472.6499223973406
TCS,2019-12-31,2020-01-01,2020-01-29,2168.0,2185.0,30905.883514252666,14.2554813257623,123.62353405701067,124.5929067871625,103019.61171417555,0.3,0.3,-0.00019003690036899546,-5.873258306213813
INFY,2020-01-03,2020-01-06,2020-02-03,746.0999755859375,782.0,10132.646615560612,13.580816173600732,40.53058646224245,42.48079299102309,102758.77613219629,0.09900056798005596,0.09860614340643027,0.039924441075507924,404.54025274189445
INFY,2020-02-03,2020-02-04,2020-03-04,770.0999755859375,753.9000244140625,30516.07295042249,39.626118579219614,122.06429180168996,119.49652705723281,101720.24316807497,0.3,0.3,-0.028952021657851552,-883.5020049732099
ICICIBANK,2020-02-04,2020-02-05,2020-03-05,529.0499877929688,509.75,30609.03136086639,57.8565959117733,122.43612544346556,117.96959906410576,102030.1045362213,0.3,0.3,-0.04433453980783239,-1357.037319347521
RELIANCE,2020-04-30,2020-05-04,2020-06-02,658.319580078125,704.248779296875,29843.911153126268,45.333470333032764,119.37564461250507,127.70416457331768,99479.70384375424,0.3,0.3,0.061488260422766394,1835.0501810173305
RELIANCE,2020-06-02,2020-06-03,2020-07-01,713.0172729492188,793.7797241210938,30394.42620743147,42.62789607005238,121.57770482972587,135.34863832939533,101314.75402477157,0.3,0.3,0.10481550169811427,3185.807031758242
TCS,2020-06-04,2020-06-05,2020-07-03,2091.60009765625,2163.64990234375,30653.04388209542,14.655308113842507,122.61217552838168,126.83582387733163,102176.81294031806,0.3,0.3,0.026309429201673305,806.4640878317745
INFY,2020-06-23,2020-06-24,2020-07-22,716.9000244140625,938.9500122070312,31194.583973378005,43.513157917485074,124.77833589351202,163.42672063115634,103981.94657792669,0.3,0.3,0.30049739197952613,9373.891127886414
RELIANCE,2020-07-01,2020-07-02,2020-07-30,804.3942260742188,968.6881713867188,31588.627881916833,39.2700828250379,126.35451152766733,152.16185888796383,105295.42627305612,0.3,0.3,0.19542857298947333,6173.320469658496
TCS,2020-07-03,2020-07-06,2020-08-03,2205.0,2290.449951171875,32484.363370048155,14.73213758278828,129.93745348019263,134.97289522861905,108281.21123349386,0.3,0.3,0.030597801073554528,993.9500883977948
HDFCBANK,2020-07-09,2020-07-10,2020-08-07,558.9500122070312,517.4249877929688,9619.900018045042,17.210662506402983,38.47960007218017,35.62090734913787,108942.01037598305,0.08865615371686286,0.0883029419490666,-0.08199395905386826,-788.7736881818918
INFY,2020-07-22,2020-07-23,2020-08-20,915.6500244140624,958.9000244140624,35690.84585054643,38.978698082147176,142.76338340218572,149.50669817039716,118969.4861684881,0.3,0.3,0.03904526713420394,1393.5586104802796
RELIANCE,2020-07-30,2020-07-31,2020-08-28,975.8414306640624,978.379638671875,37068.0689591628,37.98575034259193,148.2722758366512,148.65793877946055,123560.22986387601,0.3,0.3,-0.005409358635182179,-200.5144789137758
TCS,2020-08-05,2020-08-06,2020-09-03,2275.0,2268.0,36912.865280257225,16.225435288025153,147.65146112102892,147.19714893296418,123042.88426752409,0.3,0.3,-0.011064615384615412,-408.4266570701702
INFY,2020-08-20,2020-08-21,2020-09-18,963.0499877929688,1011.0,36592.506712811446,37.99647700185414,146.3700268512458,153.65775299549813,121975.02237603815,0.3,0.3,0.04159058487467618,1521.9037562163423
RELIANCE,2020-08-28,2020-08-31,2020-09-28,1003.3006591796876,1027.7601318359375,36100.27318614251,35.981510483266895,144.40109274457006,147.9214478317542,120334.24395380837,0.3,0.3,0.0162814898432772,587.7662312197116
HDFCBANK,2020-09-02,2020-09-03,2020-10-01,568.625,545.0499877929688,35820.19112994818,62.99440075611902,143.2807645197927,137.3403894525922,119400.63709982728,0.3,0.3,-0.04929384419996162,-1765.7149207725129
TCS,2020-09-07,2020-09-08,2020-10-07,2335.949951171875,2742.0,12845.625202789823,5.499101209914863,51.38250081115929,60.314142070346215,118058.33742889445,0.10924266751908762,0.10880743776801563,0.16513121303387696,2121.213671915225
INFY,2020-09-18,2020-09-21,2020-10-20,1001.0,1118.9000244140625,36971.45122377097,36.934516707063906,147.88580489508388,165.30412658102162,123238.17074590323,0.3,0.3,0.10931111320320298,4041.390490008326
RELIANCE,2020-09-28,2020-09-29,2020-10-28,1026.837158203125,942.2903442382812,36686.024130924176,35.72720741341451,146.7440965236967,134.66161028903534,122286.74710308059,0.3,0.3,-0.09000777117994253,-3302.0272654780733
HDFCBANK,2020-10-07,2020-10-08,2020-11-05,590.0,633.0,25078.23411308943,42.50548154760921,100.31293645235773,107.62387927854653,127862.33412148381,0.19691918830153132,0.19613464970272046,0.0645898305084747,1619.7988908162945
TCS,2020-10-07,2020-10-08,2020-11-05,2800.0,2685.0,25078.23411308943,8.956512183246225,100.31293645235773,96.19294084806447,127862.33412148381,0.19691918830153132,0.19613464970272046,-0.04890714285714282,-1226.5047783737373
ICICIBANK,2020-10-19,2020-10-20,2020-11-17,413.5,490.5,38147.243642272435,92.25451908651134,152.58897456908974,181.00336644773523,127157.47880757478,0.3,0.3,0.17747037484885125,6770.005628644547
INFY,2020-10-20,2020-10-21,2020-11-18,1141.1500244140625,1128.5,2849.496914176145,2.4970396996129005,11.39798765670458,11.271637204052633,127670.48674577387,0.02240842793628306,0.022319151330959176,-0.019040988517592703,-54.25723802374381
HDFCBANK,2020-11-05,2020-11-06,2020-12-07,633.125,687.5,38287.79998318378,60.47431389249166,153.15119993273512,166.30436320435206,127625.99994394594,0.3,0.3,0.07753998025666342,2968.8352547671484
ICICIBANK,2020-11-17,2020-11-18,2020-12-17,488.0,514.0,40841.815528577245,83.69224493560911,163.36726211430897,172.07125558761234,136139.3850952575,0.3,0.3,0.045065573770491876,1840.5598506239185
INFY,2020-11-23,2020-11-24,2020-12-23,1145.0,1238.0,26250.73262399553,22.926404038424042,105.00293049598211,113.53155279827587,134955.51218877587,0.19529202718022437,0.19451397129504414,0.0728978165938865,1913.621092279179
TCS,2020-11-23,2020-11-24,2020-12-23,2734.39990234375,2876.050048828125,26250.73262399553,9.600180500845946,105.00293049598211,110.44239839286718,134955.51218877587,0.19529202718022437,0.19451397129504414,0.04359579832397944,1144.4216453324166
HDFCBANK,2020-12-07,2020-12-08,2021-01-06,687.5,717.5,41032.079075628346,59.683024110004865,164.12831630251338,171.29027919571396,136773.59691876115,0.3,0.3,0.03546181818181811,1455.0721278019157
ICICIBANK,2020-12-17,2020-12-18,2021-01-18,514.0,544.5,42160.11168592385,82.02356359129153,168.64044674369538,178.64732150183295,140533.70561974615,0.3,0.3,0.05110116731517509,2154.430921288863
INFY,2020-12-23,2020-12-24,2021-01-22,1249.9000244140625,1327.0,28137.491733663028,22.51179389075821,112.54996693465212,119.49260197214458,139527.32182885526,0.20246960473626296,0.2016629529245647,0.05343817440086279,1503.61619046632
TCS,2020-12-23,2020-12-24,2021-01-22,2909.0,3241.89990234375,28137.491733663028,9.672565051104513,112.54996693465212,125.42995077835717,139527.32182885526,0.20246960473626296,0.2016629529245647,0.10598016594512721,2982.016043213253
RELIANCE,2021-01-05,2021-01-06,2021-02-04,907.2625122070312,887.9256591796875,42481.354103319485,46.82366297707837,169.92541641327796,166.30372725651938,146091.75812095072,0.29194856758737453,0.29078542588383927,-0.029228151010431597,-1241.6514328594399
HDFCBANK,2021-01-15,2021-01-18,2021-02-16,734.9500122070312,810.5999755859375,44305.95921708806,60.28431659459218,177.22383686835224,195.46586223916538,148158.1218008692,0.3,0.2990450923550256,0.09452039223609902,4187.81664359577
ICICIBANK,2021-01-21,2021-01-22,2021-02-22,553.0999755859375,622.0,45254.46802678766,81.81968906949677,181.01787210715065,203.56738640490798,150848.22675595887,0.3,0.3,0.11607236909332282,5252.793315927273
INFY,2021-01-22,2021-01-25,2021-02-23,1345.0,1271.1500244140625,7744.1383147311335,5.757723654075193,30.976553258924536,29.275722253788427,147585.32226487005,0.05268216885440763,0.052472279735465824,-0.06268741686512536,-485.4600267967399
TCS,2021-01-22,2021-01-25,2021-02-23,3308.949951171875,2970.0,7744.1383147311335,2.3403612714022834,30.976553258924536,27.80349190425913,147585.32226487005,0.05268216885440763,0.052472279735465824,-0.11002455653571537,-852.0453838295351
RELIANCE,2021-02-15,2021-02-16,2021-03-17,941.3442993164062,968.249755859375,48034.73858632429,51.02781056963598,192.13895434529715,197.6306605043539,160115.79528774763,0.3,0.3,0.02046762309630732,983.1569249145355
HDFCBANK,2021-02-16,2021-02-17,2021-03-18,810.0,755.875,41687.00223481666,51.46543485779834,166.74800893926664,155.60574229255332,158637.7150719416,0.2638322811493812,0.26278115652328804,-0.07455370370370368,-3107.9204129101545
ICICIBANK,2021-02-22,2021-02-23,2021-03-24,614.75,580.0,45933.67012267686,74.71926819467565,183.73468049070743,173.3487022116475,153112.23374225618,0.3,0.3,-0.06430093533956899,-2953.5779524673367
INFY,2021-03-15,2021-03-16,2021-04-16,1386.050048828125,1365.0,18708.763682279237,13.497899082430024,74.83505472911695,73.69852899006794,153304.47833864746,0.12252478818991597,0.12203664162342237,-0.0231263286997021,-432.66501848143866
RELIANCE,2021-03-19,2021-03-22,2021-04-23,955.7661743164062,879.6187133789062,45008.513470177386,47.09155301752427,180.03405388070954,165.69044510515698,150028.37823392462,0.3,0.3,-0.08735295591308745,-3931.626692874008
TCS,2021-04-07,2021-04-08,2021-05-10,3270.0,3145.949951171875,44681.306268929846,13.66400803331188,178.72522507571938,171.94514162083846,148937.6875630995,0.3,0.3,-0.045784051569667424,-2045.6912304167884
INFY,2021-04-20,2021-04-22,2021-05-21,1355.550048828125,1347.5,43068.03848155329,31.771632865039305,172.27215392621315,171.24910114256184,143560.1282718443,0.3,0.3,-0.013914830396519787,-599.2844509816016
ICICIBANK,2021-05-14,2021-05-17,2021-06-14,603.25,635.7000122070312,42660.32541898421,70.71748929794316,170.64130167593686,179.82043523981227,142201.08472994738,0.3,0.3,0.045576812529139005,1944.3216540531068
HDFCBANK,2021-06-01,2021-06-02,2021-06-30,755.0,749.0,43777.00427413218,57.98278711805587,175.10801709652873,173.7164302056954,145923.3475804406,0.3,0.3,-0.015915231788079444,-696.7211700105581
RELIANCE,2021-06-02,2021-06-03,2021-07-01,1024.9910888671875,977.4566650390624,43812.09276345043,42.74387674128097,175.24837105380175,167.12114884149298,146040.30921150144,0.3,0.3,-0.05418994901227596,-2374.1750729724836
INFY,2021-06-09,2021-06-10,2021-07-08,1424.0,1568.0,12075.30114042981,8.479846306481608,48.301204561719246,53.18559603425265,143296.82384165033,0.08460482249340484,0.08426775148745502,0.09271910112359544,1119.6110675373789
ICICIBANK,2021-06-14,2021-06-15,2021-07-13,636.3499755859375,655.1500244140625,22298.45038581338,35.04117426150829,89.19380154325351,91.8289046916983,144872.14247228802,0.15453381033306018,0.15391813778193247,0.02142539381033382,477.7530808762417
TCS,2021-06-14,2021-06-15,2021-07-13,3298.0,3214.0,22298.45038581338,6.761203876838502,89.19380154325351,86.92203704063579,144872.14247228802,0.15453381033306018,0.15391813778193247,-0.0333681018799272,-744.0569642383228
HDFCBANK,2021-07-06,2021-07-07,2021-08-05,767.0,733.5499877929688,42929.8994352089,55.97118570431408,171.7195977408356,164.23065036063034,143099.66478402968,0.3,0.3,-0.05143704323103401,-2208.187093152783
INFY,2021-07-08,2021-07-09,2021-08-09,1556.0,1661.0,42516.75148119087,27.324390412076394,170.0670059247635,181.54324989783558,141722.5049373029,0.3,0.3,0.05921079691516714,2517.4507374454242
ICICIBANK,2021-07-13,2021-07-14,2021-08-12,662.0,693.5,42360.85366891095,63.98920493793195,169.44341467564382,177.50605449782324,141202.8455630365,0.3,0.3,0.03939274924471297,1668.7104863713885
INFY,2021-08-09,2021-08-10,2021-09-08,1668.0,1700.8499755859375,43636.355784569234,26.160884762931197,174.54542313827693,177.98296084135222,145454.51928189746,0.3,0.3,0.011615453047718162,506.8560417891888
ICICIBANK,2021-08-12,2021-08-13,2021-09-14,707.0499877929688,713.25,43554.854835684215,61.60081406922746,174.21941934273687,175.74712253950594,145182.84945228073,0.3,0.3,0.000733770263512497,31.959257310028562
TCS,2021-08-16,2021-08-17,2021-09-16,3482.10009765625,3930.0,43422.76046234814,12.470279212127002,173.69104184939255,196.03278921463647,144742.5348744938,0.3,0.3,0.12011472680944574,5215.713010246948
HDFCBANK,2021-08-25,2021-08-26,2021-09-24,775.0,789.5,13408.667580041856,17.30150655489272,53.63467032016742,54.63815770035121,147097.34097031536,0.09151968459497006,0.09115506433761955,0.010634838709677501,142.5990170254269
RELIANCE,2021-09-07,2021-09-08,2021-10-07,1131.59765625,1197.592041015625,44141.19247957839,39.00785074604858,176.56476991831357,186.86196636237278,149565.0555203838,0.2963109069515022,0.2951303854098628,0.05008637625177339,2210.8723747341132
INFY,2021-09-13,2021-09-14,2021-10-12,1695.949951171875,1677.0,43586.686765275874,25.700455803638633,174.34674706110349,172.39865753080795,148021.18759222058,0.2956403351721041,0.2944624852311793,-0.019128955399978564,-833.7677871657982
ICICIBANK,2021-09-15,2021-09-16,2021-10-14,720.0,710.25,44720.76690594305,62.11217625825423,178.8830676237722,176.46069274970029,149069.22301981016,0.3,0.3,-0.021487500000000007,-960.9374788914515
TCS,2021-09-16,2021-09-17,2021-10-18,3920.0,3603.449951171875,3896.926833543485,0.9941139881488482,15.58770733417394,14.32896000821698,150654.41349279485,0.02597012892068229,0.0258666622715959,-0.08842955322265625,-344.6034988316309
HDFCBANK,2021-09-24,2021-09-27,2021-10-26,807.8499755859375,825.0,13550.698473493476,16.773780878887926,54.202793893973904,55.35347690033016,152711.16417843677,0.08908910714275398,0.08873417046091035,0.013144302571795006,178.11448079475895
RELIANCE,2021-10-07,2021-10-08,2021-11-09,1193.0924072265625,1156.05712890625,45488.12793407429,38.12624039726733,181.95251173629717,176.3044480386174,151627.09311358098,0.3,0.3,-0.03891725082114833,-1770.272884194853
ICICIBANK,2021-10-14,2021-10-18,2021-11-16,739.0,773.2999877929688,45464.36177306415,61.52146383364567,181.8574470922566,190.29818892625508,152546.7809941157,0.2992276790286198,0.2980355368810954,0.03822840032719476,1738.0298224811065
INFY,2021-10-14,2021-10-18,2021-11-16,1740.0,1790.0,45464.36177306415,26.128943547738018,181.8574470922566,187.0832358018042,152546.7809941157,0.2992276790286198,0.2980355368810954,0.020620689655172417,937.5064944928401
HDFCBANK,2021-10-26,2021-10-27,2021-11-26,826.375,750.0,13728.103334842837,16.61243785792508,54.91241333937135,49.83731357377524,156088.51915123174,0.0883025594907979,0.08795075646493827,-0.10005203448797458,-1373.5246683121743
ICICIBANK,2021-11-16,2021-11-17,2021-12-16,760.9000244140625,757.9000244140625,45190.08311808407,59.39030315169601,180.76033247233627,180.0476488345159,150633.61039361358,0.3,0.3,-0.01192692851114174,-538.9788907619419
INFY,2021-11-16,2021-11-17,2021-12-16,1792.550048828125,1762.6500244140625,45190.08311808407,25.209942198058553,180.76033247233627,177.74522092354005,150633.61039361358,0.3,0.3,-0.024613440911106104,-1112.2834405949357
INFY,2021-12-17,2021-12-20,2022-01-17,1801.699951171875,1938.550048828125,44587.803320224695,24.74762975445693,178.35121328089878,191.89807547553139,148626.01106741565,0.3,0.3,0.06765227338601519,3016.466259901717
TCS,2021-12-20,2021-12-21,2022-01-18,3582.64990234375,4033.949951171875,44529.101316506094,12.429096487316665,178.11640526602437,200.55341267248633,148430.33772168698,0.3,0.3,0.11746435205370068,5230.582033676978
ICICIBANK,2022-01-12,2022-01-13,2022-02-11,821.0,796.8499755859375,46498.22205950552,56.63608046224789,185.9928882380221,180.5218373345017,154994.07353168508,0.3,0.3,-0.03729771536712085,-1734.2774514526168
INFY,2022-01-17,2022-01-18,2022-02-16,1922.0999755859373,1738.25,47006.119941826895,24.455606128134644,188.02447976730758,170.03982940892018,156687.06647275633,0.3,0.3,-0.10326797669708752,-4854.226898773081
RELIANCE,2022-01-18,2022-01-19,2022-02-17,1167.5946044921875,1116.875732421875,31371.862545645712,26.868797119262148,125.48745018258285,120.03642984748271,156066.68299035687,0.2018198208119441,0.20101575778082073,-0.05126501371938222,-1608.2789638051006
TCS,2022-01-18,2022-01-19,2022-02-17,4012.0,3825.0,31371.862545645712,7.819507115066229,125.48745018258285,119.63845886051331,156066.68299035687,0.2018198208119441,0.20101575778082073,-0.05442372881355937,-1707.3737395604826
INFY,2022-03-22,2022-03-23,2022-04-22,1897.0,1604.3499755859375,44090.67069222092,23.24231454518762,176.36268276888367,149.15522709252977,146968.90230740307,0.3,0.3,-0.16165283306083622,-7127.381828949892
RELIANCE,2022-03-28,2022-03-29,2022-04-28,1217.4365234375,1296.79150390625,43876.6928178239,36.040230412946386,175.5067712712956,186.94665839333007,146255.64272607968,0.3,0.3,0.05692129899611362,2497.5183508439854
HDFCBANK,2022-04-06,2022-04-07,2022-05-10,770.6500244140625,657.5250244140625,29208.00266101497,37.9004758784278,116.83201064405988,99.6820453090713,144138.24346877195,0.20344936892485693,0.2026388136701762,-0.15420449806079833,-4504.005389700275
TCS,2022-04-06,2022-04-07,2022-05-10,3745.5,3434.0,29208.00266101497,7.7981584998037565,116.83201064405988,107.11550515330441,144138.24346877195,0.20344936892485693,0.2026388136701762,-0.09083380056067274,-2653.073888486232
ICICIBANK,2022-04-21,2022-04-22,2022-05-23,757.0,709.5499877929688,36991.68480681266,48.86616222828621,147.96673922725063,138.69193925027884,136725.53356439696,0.2716365449658117,0.2705543276551909,-0.0704309275537689,-2605.3586727204756
RELIANCE,2022-04-28,2022-04-29,2022-05-30,1318.11279296875,1206.822021484375,41223.648490467254,31.27475031755085,164.89459396186902,150.97222959858328,137412.16163489086,0.3,0.3,-0.09209417539206405,-3796.457914381888
RELIANCE,2022-06-10,2022-06-13,2022-07-11,1222.974609375,1096.75439453125,38634.04288920248,31.59022484444413,154.53617155680993,138.58687168949749,128780.14296400826,0.3,0.3,-0.11079472118282298,-4280.448010074413
ICICIBANK,2022-07-14,2022-07-15,2022-08-16,753.25,881.4500122070312,37349.90848618015,49.58500960661156,149.39963394472062,174.82682929213408,124499.69495393385,0.3,0.3,0.16151505098998092,6032.572373616508
HDFCBANK,2022-08-08,2022-08-10,2022-09-09,730.6749877929688,748.0999755859375,38627.52116537652,52.865530927851246,154.51008466150608,158.19480958585257,128758.40388458842,0.3,0.3,0.01575240446401378,608.4763368392639
ICICIBANK,2022-08-16,2022-08-17,2022-09-15,881.7999877929688,920.0,39419.81528202023,44.70380565629506,157.67926112808092,164.51000481516584,131399.38427340076,0.3,0.3,0.03514721329655541,1385.4966558279796
RELIANCE,2022-08-17,2022-08-18,2022-09-16,1227.589599609375,1173.940185546875,39355.74757656069,32.05936869217846,157.42299030624275,150.54312492404662,131185.8252552023,0.3,0.3,-0.051528241379084,-2027.9324607793194
HDFCBANK,2022-09-09,2022-09-12,2022-10-11,750.0,700.5499877929688,39162.466224192045,52.21662163225606,156.64986489676818,146.3214145882682,130541.55408064016,0.3,0.3,-0.07366961621093748,-2885.0838566100297
ICICIBANK,2022-09-15,2022-09-16,2022-10-17,914.9000244140624,872.0,39126.777936198465,42.76617869942323,156.50711174479386,149.16843130358822,130422.59312066156,0.3,0.3,-0.054702834382118544,-2140.3456533497947
ICICIBANK,2022-10-31,2022-11-01,2022-11-30,921.0,948.0499877929688,37641.86350484353,40.870644413510895,150.56745401937414,154.98965574927908,125472.87834947844,0.3,0.3,0.021252755528552544,799.9933227075836
HDFCBANK,2022-11-10,2022-11-11,2022-12-09,772.5,813.0,37656.77341527112,48.74663225277815,150.62709366108447,158.52404808603455,125522.57805090374,0.3,0.3,0.04421747572815535,1665.0874644903963
RELIANCE,2022-11-10,2022-11-11,2022-12-09,1199.8995361328125,1221.1285400390625,37656.77341527112,31.383271916777396,150.62709366108447,153.29203606953317,125522.57805090374,0.3,0.3,0.009621548516279003,362.3164723815564
INFY,2022-11-14,2022-11-15,2022-12-13,1577.8499755859375,1547.199951171875,12017.576068477221,7.616425043207592,48.07030427390889,47.136529819820126,126413.00784682276,0.09544624068569996,0.09506597677858568,-0.027347482199674786,-328.6504476159185
TCS,2022-11-29,2022-11-30,2022-12-28,3383.0,3249.800048828125,38438.66960315786,11.36230257261539,153.75467841263145,147.7008458211417,129143.430211503,0.29883381770459594,0.29764324472569315,-0.04721582954986319,-1814.9136721062089
ICICIBANK,2022-12-08,2022-12-09,2023-01-06,932.0,878.9500122070312,38513.78734348193,41.323806162534254,154.05514937392772,145.28623972400192,128379.29114493977,0.3,0.3,-0.06469290540965333,-2491.56880157938
HDFCBANK,2022-12-09,2022-12-12,2023-01-09,812.5,798.0,37798.91510706389,46.52174167023248,151.19566042825556,148.49739941138208,125996.38369021298,0.3,0.3,-0.02577476923076932,-974.2583140580119
RELIANCE,2022-12-13,2022-12-14,2023-01-11,1217.2750244140625,1177.9783935546875,12710.405995541407,10.441687983912743,50.84162398216563,49.20033134915527,127940.62908807714,0.09974351158409933,0.0993461270757961,-0.04015332899381324,-510.36511358391044
HDFCBANK,2023-01-24,2023-01-25,2023-02-23,845.7000122070312,806.5,36654.155778034365,43.34179407468338,146.61662311213746,139.82062768492855,122180.51926011455,0.3,0.3,-0.05416673949940204,-1985.4361075992895
TCS,2023-01-25,2023-01-27,2023-02-24,3426.0,3422.5,36223.995247172905,10.573261893512232,144.89598098869163,144.74795532218246,120746.65082390969,0.3,0.3,-0.00901751313485115,-326.6503529381673
INFY,2023-02-09,2023-02-10,2023-03-13,1612.949951171875,1464.199951171875,36587.91407678632,22.683849582687724,146.35165630714528,132.85476580544608,121959.71358928774,0.3,0.3,-0.09985343903098753,-3653.429047537393
ICICIBANK,2023-04-12,2023-04-13,2023-05-15,891.0999755859375,943.75,34864.5011256119,39.125240804419235,139.4580045024476,147.6977840366826,116215.00375203969,0.3,0.3,0.05084796964776596,1772.789095019616
HDFCBANK,2023-04-20,2023-04-21,2023-05-22,834.5,822.5,34863.15849177466,41.777301967375266,139.45263396709865,137.44732347266464,116210.52830591553,0.3,0.3,-0.022322348711803393,-778.2275810482636
RELIANCE,2023-05-09,2023-05-10,2023-06-07,1149.1346435546875,1147.7501220703125,35137.880741838606,30.57768812290306,140.55152296735443,140.38218110275974,117126.26913946203,0.3,0.3,-0.00920001899357214,-323.2691702187879
ICICIBANK,2023-05-15,2023-05-16,2023-06-13,950.0,935.9000244140624,35346.81681978374,37.207175599772356,141.38726727913496,139.28878620882102,117822.72273261246,0.3,0.3,-0.022782711245888185,-805.2963210664366
TCS,2023-05-22,2023-05-23,2023-06-20,3306.0,3214.0,34976.359409278,10.579661043338778,139.905437637112,136.01212237316332,116587.86469759332,0.3,0.3,-0.03571687840290378,-1249.2463759974416
RELIANCE,2023-06-07,2023-06-08,2023-07-07,1156.5185546875,1216.0521240234375,34689.102474753156,29.994419314894962,138.75640989901262,145.89910926691056,115630.34158251052,0.3,0.3,0.0432706301323595,1501.0193228085604
ICICIBANK,2023-06-14,2023-06-15,2023-07-14,940.7000122070312,959.75,34738.24098707176,36.92807540798298,138.95296394828705,141.76688149124666,115794.13662357254,0.3,0.3,0.01216986031208968,422.75954030037167
HDFCBANK,2023-07-07,2023-07-10,2023-08-07,830.5,831.5499877929688,34916.86143194064,42.04318053213804,139.66744572776255,139.84402503310787,116389.5381064688,0.3,0.3,-0.006740773218787602,-235.36664442454318
RELIANCE,2023-07-07,2023-07-10,2023-08-07,1240.9268798828125,1260.5,34916.86143194064,28.137726725073463,139.66744572776255,141.8704181478204,116389.5381064688,0.3,0.3,0.007709892301277023,269.20524113887575
TCS,2023-07-14,2023-07-17,2023-08-14,3510.0,3440.699951171875,35099.82698518728,9.999950708030564,140.39930794074914,137.62731965136766,116999.42328395761,0.3,0.3,-0.02766462924011766,-971.023699937483
ICICIBANK,2023-07-18,2023-07-19,2023-08-17,980.0,956.9500122070312,5678.410464826928,5.794296392680538,22.71364185930771,22.179408014827192,118490.59537259104,0.04811457051725648,0.04792287900125147,-0.03142631412428253,-178.45151099426423
INFY,2023-07-18,2023-07-19,2023-08-17,1486.0,1420.0,5678.410464826928,3.8212721835982015,22.71364185930771,21.704826002837784,118490.59537259104,0.04811457051725648,0.04792287900125147,-0.052236877523553195,-296.622431979627
HDFCBANK,2023-08-08,2023-08-09,2023-09-07,826.5,797.75,34720.054387387056,42.00853525394683,138.88021754954823,134.04923599534436,115733.51462462352,0.3,0.3,-0.04264609800362965,-1480.6748420958602
RELIANCE,2023-08-10,2023-08-11,2023-09-11,1266.2249755859375,1226.0,34495.08660345729,27.24246264965269,137.98034641382915,133.5970368338968,114983.6220115243,0.3,0.3,-0.03964056661025365,-1367.4047782308169
TCS,2023-08-21,2023-08-22,2023-09-20,3400.0,3580.0,34099.41286968273,10.029239079318451,136.39765147873092,143.61870361584022,113664.70956560911,0.3,0.3,0.044729411764705816,1525.2466791827478
INFY,2023-08-30,2023-08-31,2023-09-29,1435.1500244140625,1432.0999755859375,11569.18440206284,8.06130662666174,46.27673760825136,46.17838809293213,111894.8853314784,0.10380689971003909,0.1033933264044213,-0.010116746389669527,-117.04250453099024
ICICIBANK,2023-09-20,2023-09-21,2023-10-20,979.9500122070312,932.0,34316.55446829233,35.01867854565868,137.26621787316932,130.54963361821558,114388.51489430777,0.3,0.3,-0.056735355439858276,-1946.961915229822
TCS,2023-09-20,2023-09-21,2023-10-20,3588.550048828125,3450.39990234375,34316.55446829233,9.562791099847896,137.26621787316932,131.98181390819545,114388.51489430777,0.3,0.3,-0.046343493618926,-1590.3490230248321
INFY,2023-10-06,2023-10-09,2023-11-07,1464.9000244140625,1400.0,33833.676319687096,23.096235753849513,135.33470527874837,129.3389202215573,112778.92106562367,0.3,0.3,-0.05212616781971963,-1763.6198897980835
RELIANCE,2023-11-28,2023-11-29,2023-12-28,1204.0,1294.9000244140625,32580.74008257378,27.0604153509749,130.3229603302951,140.16212999452827,108602.4669419126,0.3,0.3,0.06719636571130091,2189.307325733468
HDFCBANK,2023-12-05,2023-12-06,2024-01-04,819.2249755859375,839.0,32700.35292690096,39.91620605012995,130.80141170760385,133.95878750423614,109001.1764230032,0.3,0.3,0.01604214337132377,524.583749946232
ICICIBANK,2023-12-05,2023-12-06,2024-01-04,1014.0,986.4000244140624,32700.35292690096,32.24886876420213,130.80141170760385,127.2411397453395,109001.1764230032,0.3,0.3,-0.03511003519092104,-1148.1105420190306
INFY,2023-12-06,2023-12-07,2024-01-05,1472.8499755859375,1506.75,10188.341854373906,6.917433562994576,40.753367417495625,41.69137208416831,108076.48312510802,0.09464681793864749,0.09426973898271658,0.014924550956368696,152.0564271665073
TCS,2023-12-27,2023-12-28,2024-01-29,3824.0,3800.800048828125,33712.41708273259,8.816008651342203,134.84966833093034,134.03154444996247,112374.72360910862,0.3,0.3,-0.014042665106482157,-473.4121830228619
RELIANCE,2023-12-28,2023-12-29,2024-01-30,1305.550048828125,1459.949951171875,1048.907985631504,0.8034222713813343,4.195631942526016,4.691825223494304,111391.89687605124,0.00945404151565754,0.00941637601161108,0.10979119680046862,115.16086307605157
HDFCBANK,2024-01-04,2024-01-05,2024-02-06,843.5750122070312,722.7750244140625,32659.313761093337,38.71536412114356,130.63725504437335,111.92999299143541,108864.37920364446,0.3,0.3,-0.1506272543647471,-4919.382761270292
INFY,2024-01-05,2024-01-08,2024-02-07,1528.949951171875,1729.0,32737.102739310172,21.411494021906066,130.9484109572407,148.08189265550237,109123.67579770058,0.3,0.3,0.12231809738448023,4004.340120952676
ICICIBANK,2024-01-23,2024-01-24,2024-02-22,1029.449951171875,1056.0,9723.039210853698,9.444887728427663,38.892156843414796,39.89520576487845,107300.17453140282,0.09097777715953437,0.09061531589595058,0.01768735721703633,171.9748677576204
TCS,2024-01-29,2024-01-30,2024-02-27,3807.449951171875,3999.0,32364.138762477316,8.500213838008856,129.45655504990927,135.96942055278964,107880.46254159106,0.3,0.3,0.0421080384718101,1362.7904001173954
RELIANCE,2024-01-30,2024-01-31,2024-02-28,1404.0,1483.0,2040.3622820353687,1.45324948862918,8.161449128141475,8.620675966548296,107204.97837030432,0.019108475765813426,0.019032346380292234,0.048042735042734964,98.02458450701529
INFY,2024-02-07,2024-02-08,2024-03-07,1698.0,1616.5999755859375,33386.56655224522,19.66228890002663,133.54626620898088,127.14422302298682,111288.55517415074,0.3,0.3,-0.05574701078704716,-1861.2012857304821
ICICIBANK,2024-02-22,2024-02-23,2024-03-26,1070.0,1081.0,33538.24664121689,31.344155739455033,134.15298656486755,135.53212941740358,111794.15547072297,0.3,0.3,0.0022392523364486183,75.10059715173495
TCS,2024-02-27,2024-02-28,2024-04-01,4095.60009765625,3897.699951171875,32892.64420881198,8.031214821885355,131.57057683524792,125.21306247645354,109642.1473627066,0.3,0.3,-0.05612690233385695,-1846.1622290102953
RELIANCE,2024-02-28,2024-02-29,2024-04-02,1465.0,1484.0,10421.387014914544,7.11357475420788,41.685548059658174,42.226179740977976,108814.25631094154,0.0961553468975197,0.09577225786605545,0.0049174061433447155,51.246192529313625
ICICIBANK,2024-03-26,2024-03-27,2024-04-29,1083.699951171875,1108.0,32080.874050995422,29.60309633335712,128.3234962039817,131.20092294943873,106936.24683665141,0.3,0.3,0.014333533010350582,459.8322672108423
RELIANCE,2024-04-02,2024-04-03,2024-05-06,1482.074951171875,1435.5,32013.87422428714,21.600712028075105,128.05549689714857,124.03128846520725,106712.91408095714,0.3,0.3,-0.03929980122159673,-1258.1388933476837
ICICIBANK,2024-04-29,2024-04-30,2024-05-30,1159.949951171875,1097.0,32137.959261911532,27.70633269947826,128.55183704764613,121.5753878853106,107126.53087303844,0.3,0.3,-0.06205246261172289,-1994.2395155168388
ICICIBANK,2024-06-03,2024-06-04,2024-07-03,1157.9000244140625,1196.8499755859375,31291.871078443186,27.024674340323948,125.16748431377275,129.3779232977385,104306.23692814396,0.3,0.3,0.02550388682029669,798.0643383799304
HDFCBANK,2024-06-10,2024-06-11,2024-07-10,778.0,814.9749755859375,30945.02323738942,39.775094135461984,123.78009294955768,129.662825487906,103150.07745796474,0.3,0.3,0.0393355728580897,1217.2402161496104
RELIANCE,2024-06-13,2024-06-14,2024-07-15,1470.0,1604.449951171875,31028.327041636436,21.107705470500978,124.11330816654575,135.46502804598245,103427.75680545479,0.3,0.3,0.08309670161033163,2578.351633646647
INFY,2024-06-19,2024-06-20,2024-07-19,1516.300048828125,1844.0,10625.452873750033,7.00748699570506,42.50181149500013,51.68722408032052,105860.15077348982,0.100774036380048,0.10037254619526696,0.20725367068308007,2202.164110754776
ICICIBANK,2024-07-03,2024-07-04,2024-08-02,1229.0,1197.0,16043.377938813192,13.054009714249952,64.17351175525276,62.50259851182877,111486.50125539105,0.14447983629578243,0.14390421941811002,-0.033933279088690003,-544.4044211230802
TCS,2024-07-03,2024-07-04,2024-08-02,3999.85009765625,4365.0,16043.377938813192,4.010994799083586,64.17351175525276,70.03196919199941,111486.50125539105,0.14447983629578243,0.14390421941811002,0.0829257331787214,1330.408878239408
HDFCBANK,2024-07-10,2024-07-11,2024-08-09,811.9749755859375,826.0,32157.413890924887,39.60394699075479,128.62965556369954,130.85144085745384,109436.00968964805,0.29502211966654546,0.29384673273560313,0.009203638949988565,295.96522701741964
RELIANCE,2024-07-15,2024-07-16,2024-08-14,1593.5,1463.550048828125,33197.46292683726,20.833048589166776,132.78985170734904,121.96083711965494,110658.2097561242,0.3,0.3,-0.08922381635844844,-2962.004335750528
INFY,2024-07-19,2024-07-22,2024-08-20,1800.1500244140625,1880.0,13217.786853490867,7.342602935437657,52.87114741396347,55.216374074491185,110750.10300201354,0.11982524296761654,0.11934785156137105,0.03617997089408167,478.21914364347487
TCS,2024-08-02,2024-08-05,2024-09-03,4239.0,4521.0498046875,32825.22428028774,7.743624505847544,131.30089712115094,140.03724823894152,109417.4142676258,0.3,0.29999999999999993,0.05827072551751596,1912.7496340875473
INFY,2024-08-20,2024-08-21,2024-09-18,1875.0999755859373,1938.75,33518.82361773358,17.875752788733042,134.07529447093432,138.62646287662474,111729.41205911193,0.3,0.3,0.02580909025749227,865.0903440750495
TCS,2024-09-03,2024-09-04,2024-10-03,4476.9501953125,4262.60009765625,33690.360206099984,7.525292606867683,134.76144082439993,128.30925200370416,112301.20068699995,0.3,0.3,-0.055687083383049105,-1876.1178980020493
ICICIBANK,2024-09-11,2024-09-12,2024-10-11,1238.0,1237.0,33746.0237677489,27.258500620152585,134.9840950709956,134.875061068515,112486.74589249634,0.3,0.3,-0.008804523424878702,-297.1176567596586
HDFCBANK,2024-09-12,2024-09-13,2024-10-14,837.0,828.0250244140625,10213.110489283237,12.202043595320475,40.85244195713295,40.41438978366677,113336.94237072687,0.09047326243988041,0.09011281119509998,-0.01867989926355278,-190.7798751073451
INFY,2024-09-18,2024-09-19,2024-10-18,1910.5999755859373,1893.800048828125,33911.9229433323,17.749357990508866,135.6476917733292,134.45494011637425,113039.74314444099,0.3,0.3,-0.01675783903726345,-568.290546128444
HDFCBANK,2024-10-14,2024-10-15,2024-11-12,847.0,886.0,33256.57118810607,39.263956538495954,133.0262847524243,139.15146197242964,110855.2372936869,0.3,0.3,0.03786068476977567,1259.116558276488
ICICIBANK,2024-10-29,2024-10-30,2024-11-29,1324.0,1283.0999755859375,33106.52531803146,25.00492848793917,132.42610127212583,128.33529252961145,110355.0843934382,0.3,0.3,-0.03876769208187778,-1283.4635794303347
HDFCBANK,2024-11-12,2024-11-13,2024-12-13,858.375,931.25,32801.16071596297,38.21308951910642,131.2046428638519,142.34375845867143,109337.20238654324,0.3,0.3,0.07655919615552656,2511.230497382361
ICICIBANK,2024-12-02,2024-12-03,2025-01-01,1303.949951171875,1281.6500244140625,33424.36846247608,25.633168230450263,133.69747384990433,131.4110027534654,111414.56154158694,0.3,0.3,-0.025033419902980334,-836.7262507130969
TCS,2024-12-03,2024-12-04,2025-01-02,4313.5498046875,4120.0,33461.57729525808,7.757317942381389,133.84630918103232,127.84059969044529,111538.59098419361,0.3,0.3,-0.05269071048148381,-1763.1142815182357
INFY,2024-12-09,2024-12-10,2025-01-08,1939.0,1930.0,9397.981873028833,4.846818913372271,37.59192749211533,37.41744201123393,113457.13291168195,0.08316421857641898,0.08283288702830585,-0.012623001547189365,-118.63073972370057
HDFCBANK,2024-12-13,2024-12-16,2025-01-14,932.5499877929688,819.9500122070312,34253.73291127732,36.731256618580154,137.0149316451093,120.47117725113758,114179.10970425775,0.3,0.3,-0.12826119473661024,-4393.424707389176
HDFCBANK,2025-02-28,2025-03-03,2025-04-02,869.9000244140625,885.3499755859375,31476.2289654453,36.18373155771171,125.9049158617812,128.1410634049127,104920.76321815101,0.3,0.3,0.00968956309381922,304.9909065161823
ICICIBANK,2025-03-21,2025-03-24,2025-04-25,1355.949951171875,1410.0,31651.217567228552,23.342467426525662,126.60487026891421,131.65151628560474,105504.0585574285,0.3,0.3,0.03170194370838461,1003.4051176181136
HDFCBANK,2025-04-02,2025-04-03,2025-05-07,890.5499877929688,967.0,31291.65160856892,35.13744544101153,125.16660643427569,135.9116389658326,104305.50536189642,0.3,0.3,0.07750245713540431,2425.1798874891183
ICICIBANK,2025-04-25,2025-04-28,2025-05-27,1405.5999755859375,1452.5,32516.904909859484,23.133825750320256,130.06761963943794,134.4075276093607,108389.68303286495,0.3,0.3,0.025233085605976778,820.501845231891
RELIANCE,2025-04-28,2025-04-29,2025-05-28,1371.0,1420.0999755859375,32678.95376201291,23.8358524887038,130.71581504805164,135.3971741491131,108929.84587337637,0.3,0.3,0.027670004145582645,904.2267860682008
HDFCBANK,2025-05-07,2025-05-08,2025-06-05,977.4000244140624,974.0,32983.78142408808,33.746450378760116,131.93512569635234,131.47617067564943,109945.93808029362,0.3,0.3,-0.011464727063452035,-378.15005154772916
ICICIBANK,2025-05-27,2025-05-28,2025-06-25,1447.5999755859375,1422.0,32898.995218814925,22.726579009162094,131.5959808752597,129.268781404114,109663.31739604975,0.3,0.3,-0.02561368894281249,-842.6646300658008
RELIANCE,2025-05-28,2025-05-29,2025-06-26,1412.0999755859375,1469.0999755859375,32960.36178198661,23.341379754864754,131.84144712794645,137.1632817120556,109867.87260662206,0.3,0.29999999999999993,0.03220395225659785,1061.4539171872893
HDFCBANK,2025-06-05,2025-06-06,2025-07-04,972.0,993.5499877929688,33130.43199159188,34.084806575711816,132.52172796636754,135.4598366288967,110434.77330530627,0.3,0.3,0.014082086256992797,466.54560103703056
RELIANCE,2025-06-26,2025-06-27,2025-07-25,1499.4000244140625,1398.9000244140625,33378.933328663195,22.26152646736621,133.51573331465278,124.56659967477155,111263.11109554398,0.3,0.3,-0.0747587023943904,-2495.365742959731
HDFCBANK,2025-07-04,2025-07-07,2025-08-04,994.5,1005.0499877929688,33347.47478918832,33.531900240511135,133.3898991567533,134.80494370960304,111158.24929729442,0.3,0.3,0.002565900293410617,85.56629534608146
ICICIBANK,2025-07-23,2025-07-24,2025-08-22,1487.699951171875,1444.300048828125,32835.14155927644,22.07107793033931,131.34056623710575,127.50903572991366,109450.4718642548,0.3,0.3,-0.037055793609675966,-1216.7322287650416
HDFCBANK,2025-08-04,2025-08-05,2025-09-04,993.25,960.2000122070312,32213.77417720234,32.43269486755836,128.85509670880936,124.56749603094583,107379.24725734114,0.3,0.3,-0.04114149291900012,-1325.322762205639
HDFCBANK,2025-10-23,2025-10-24,2025-11-24,1011.0,1000.0,31720.319447730293,31.375192332077443,126.88127779092117,125.50076932830977,105734.39815910098,0.3,0.3,-0.018836795252225435,-597.5091627720801
RELIANCE,2025-10-23,2025-10-24,2025-11-24,1450.0,1550.0,31720.319447730293,21.87608237774503,126.88127779092117,135.63171074201918,105734.39815910098,0.3,0.3,0.060689655172413724,1925.0952492415604
HDFCBANK,2025-11-24,2025-11-25,2025-12-23,1004.0,990.5,32118.595273671137,31.990632742700335,128.47438109468456,126.74688692657872,107061.98424557046,0.3,0.3,-0.021392430278884527,-687.0948100477199
RELIANCE,2025-11-24,2025-11-25,2025-12-23,1535.9000244140625,1580.9000244140625,32118.595273671137,20.911904917720282,128.47438109468456,132.23852397987417,107061.98424557046,0.3,0.3,0.021181586879066815,680.32281622285
INFY,2025-11-27,2025-11-28,2025-12-29,1565.0,1658.0,32271.683705677035,20.620884156982132,129.08673482270814,136.75770372910551,107572.27901892345,0.3,0.3,0.05118722044728443,1651.8977880475272
