Stock,Signal_Date,Entry_Date,Exit_Date,Entry_Price,Exit_Price,Capital,Shares,Entry_Cost,Entry_Portfolio_Equity,Target_Weight,Entry_Weight,Exit_Cost,Return,PnL
ICICIBANK,2019-10-29,2019-10-30,2019-11-28,479.0,509.5499877929688,30000.0,62.63048016701461,0.0,100000.0,0.3,0.3,0.0,0.06377868015233568,1913.3604045700704
RELIANCE,2019-10-29,2019-10-30,2019-11-28,676.606201171875,718.962646484375,30000.0,44.33893740264323,0.0,100000.0,0.3,0.3,0.0,0.06260132591031398,1878.0397773094192
HDFCBANK,2019-10-30,2019-10-31,2019-11-29,628.8499755859375,633.8499755859375,29949.16786661307,47.6252986075218,0.0,99830.5595553769,0.3,0.3,0.0,0.007951022014974439,238.12649303760554
TCS,2019-11-13,2019-11-14,2019-12-12,2187.5,2051.10009765625,10050.832133386932,4.59466611811974,0.0,100737.45567195743,0.09977254305604644,0.09977254305604633,0.0,-0.062354241071428555,-626.7120098136693
ICICIBANK,2019-11-28,2019-11-29,2019-12-30,516.0,549.5999755859375,31067.572019342944,60.20847290570338,0.0,103558.57339780981,0.3,0.3,0.0,0.06511623175569285,2023.0032196982138
RELIANCE,2019-11-28,2019-11-29,2019-12-30,723.2142944335938,706.75634765625,31067.572019342944,42.95762992858764,0.0,103558.57339780981,0.3,0.3,0.0,-0.02275666687455793,-706.9943870455245
HDFCBANK,2019-11-29,2019-12-02,2019-12-31,636.9749755859375,640.9749755859375,31093.397280156038,48.81415828236265,0.0,103644.65760052014,0.3,0.3,0.0,0.006279681546862197,195.25663312945107
ICICIBANK,2019-12-30,2019-12-31,2020-01-28,543.7999877929688,538.0999755859375,31474.224039265668,57.878309572982715,0.0,104914.08013088556,0.3,0.3,0.0,-0.010481817460432374,-329.9070710883352
HDFCBANK,2019-12-31,2020-01-01,2020-01-29,638.0499877929688,612.6500244140625,31406.507052935376,49.22264345082317,0.0,104688.35684311793,0.3,0.3,0.0,-0.0398087357806641,-1250.253341063868
TCS,2019-12-31,2020-01-01,2020-01-29,2168.0,2185.0,31406.507052935376,14.486396242128864,0.0,104688.35684311793,0.3,0.3,0.0,0.007841328413284162,246.26873611619158
INFY,2020-01-03,2020-01-06,2020-02-03,746.0999755859375,782.0,10626.841985749139,14.243187687284832,0.0,104674.73289174684,0.1015225135252007,0.1015225135252007,0.0,0.048116908710349425,511.3307857075997
INFY,2020-02-03,2020-02-04,2020-03-04,770.0999755859375,753.9000244140625,31227.45577216714,40.549872434949044,0.0,104091.51924055714,0.3,0.3,0.0,-0.021036166323144107,-656.9059534719345
ICICIBANK,2020-02-04,2020-02-05,2020-03-05,529.0499877929688,509.75,31360.054152025557,59.27616458862404,0.0,104533.5138400852,0.3,0.3,0.0,-0.03648046165445023,-1144.029252974451
RELIANCE,2020-04-30,2020-05-04,2020-06-02,658.319580078125,704.248779296875,30687.175210233225,46.61440452157214,0.0,102290.58403411075,0.3,0.3,0.0,0.06976732974173334,2140.9622717346865
RELIANCE,2020-06-02,2020-06-03,2020-07-01,713.0172729492188,793.7797241210938,31329.46389175363,43.9392776028652,0.0,104431.54630584543,0.3,0.3,0.0,0.11326857600212295,3548.6437619288627
TCS,2020-06-04,2020-06-05,2020-07-03,2091.60009765625,2163.64990234375,31633.632897317697,15.12413053181862,0.0,105445.442991059,0.3,0.3,0.0,0.03444721807396924,1089.69065088579
INFY,2020-06-23,2020-06-24,2020-07-22,716.9000244140625,938.9500122070312,32229.437281057893,44.95666924743055,0.0,107431.45760352632,0.3,0.3,0.0,0.3097363373288414,9982.627857604486
RELIANCE,2020-07-01,2020-07-02,2020-07-30,804.3942260742188,968.6881713867188,32717.052371789825,40.67290802354806,0.0,109056.84123929942,0.3,0.3,0.0,0.20424555521031448,6682.312526521149
TCS,2020-07-03,2020-07-06,2020-08-03,2205.0,2290.449951171875,33721.51807160105,15.293205474649003,0.0,112405.06023867018,0.3,0.3,0.0,0.03875281232284587,1306.803661070211
HDFCBANK,2020-07-09,2020-07-10,2020-08-07,558.9500122070312,517.4249877929688,10401.8729942113,18.60966592189378,0.0,113223.13225431781,0.09187056378944702,0.09187056378944702,0.0,-0.0742911235480605,-772.7668317441858
INFY,2020-07-22,2020-07-23,2020-08-20,915.6500244140624,958.9000244140624,37140.56201038583,40.56196256222743,0.0,123801.87336795276,0.3,0.3,0.0,0.04723420395000405,1754.3048808163367
RELIANCE,2020-07-30,2020-07-31,2020-08-28,975.8414306640624,978.379638671875,38654.94489118296,39.61191201410477,0.0,128849.8163039432,0.3,0.3,0.0,0.002601045547005717,100.54327227896283
TCS,2020-08-05,2020-08-06,2020-09-03,2275.0,2268.0,38580.32080141864,16.958382769854346,0.0,128601.06933806214,0.3,0.3,0.0,-0.0030769230769231437,-118.708679388983
INFY,2020-08-20,2020-08-21,2020-09-18,963.0499877929688,1011.0,38349.830877997476,39.821225651935436,0.0,127832.76959332492,0.3,0.3,0.0,0.04978974385007647,1909.4282561092477
RELIANCE,2020-08-28,2020-08-31,2020-09-28,1003.3006591796876,1027.7601318359375,37926.939930371176,37.802167858018514,0.0,126423.13310123727,0.3,0.3,0.0,0.024379005866744106,924.6210910701702
HDFCBANK,2020-09-02,2020-09-03,2020-10-01,568.625,545.0499877929688,37724.108917564845,66.34268440108129,0.0,125747.02972521615,0.3,0.3,0.0,-0.041459682931688224,-1564.0295946027109
TCS,2020-09-07,2020-09-08,2020-10-07,2335.949951171875,2742.0,14004.117679884554,5.995041834205016,0.0,124485.13400003208,0.11249630562217128,0.11249630562217128,0.0,0.17382651911031838,2434.2870295056
INFY,2020-09-18,2020-09-21,2020-10-20,1001.0,1118.9000244140625,39047.36959815297,39.00836123691605,0.0,130157.8986605099,0.3,0.3,0.0,0.11778224217189072,4599.086742184976
RELIANCE,2020-09-28,2020-09-29,2020-10-28,1026.837158203125,942.2903442382812,38839.88116206451,37.82477177786485,0.0,129466.27054021503,0.3,0.3,0.0,-0.08233711965857687,-3197.963942765811
HDFCBANK,2020-10-07,2020-10-08,2020-11-05,590.0,633.0,26911.02671384143,45.611909684477,0.0,135774.55372913904,0.1982037574399036,0.1982037574399036,0.0,0.07288135593220332,1961.3121164325094
TCS,2020-10-07,2020-10-08,2020-11-05,2800.0,2685.0,26911.02671384143,9.611080969229082,0.0,135774.55372913904,0.1982037574399036,0.1982037574399036,0.0,-0.04107142857142856,-1105.274311461344
ICICIBANK,2020-10-19,2020-10-20,2020-11-17,413.5,490.5,40623.52241631882,98.24310136957392,0.0,135411.7413877294,0.3,0.3,0.0,0.18621523579201926,7564.718805457189
INFY,2020-10-20,2020-10-21,2020-11-18,1141.1500244140625,1128.5,3022.933924019137,2.6490241066868485,0.0,136126.70468891086,0.02220676634263219,0.02220676634263219,0.0,-0.011085329836940399,-33.51021962302866
HDFCBANK,2020-11-05,2020-11-06,2020-12-07,633.125,687.5,40940.20676975915,64.66370269655937,0.0,136467.35589919717,0.3,0.3,0.0,0.08588351431391911,3516.0888341254176
ICICIBANK,2020-11-17,2020-11-18,2020-12-17,488.0,514.0,43775.71621500062,89.7043365061488,0.0,145919.05405000207,0.3,0.3,0.0,0.05327868852459006,2332.3127491598643
INFY,2020-11-23,2020-11-24,2020-12-23,1145.0,1238.0,28390.875196682533,24.795524189242386,0.0,144824.8525956574,0.19603593366635913,0.19603593366635913,0.0,0.08122270742358077,2305.9837495995416
TCS,2020-11-23,2020-11-24,2020-12-23,2734.39990234375,2876.050048828125,28390.875196682533,10.382854085222764,0.0,144824.8525956574,0.19603593366635913,0.19603593366635913,0.0,0.05180301036544121,1470.732802097693
HDFCBANK,2020-12-07,2020-12-08,2021-01-06,687.5,717.5,44153.987735091774,64.22398216013349,0.0,147179.95911697258,0.3,0.3,0.0,0.04363636363636358,1926.7194648040022
ICICIBANK,2020-12-17,2020-12-18,2021-01-18,514.0,544.5,45479.53641934615,88.48158836448667,0.0,151598.45473115385,0.3,0.3,0.0,0.05933852140077823,2698.6884451168444
INFY,2020-12-23,2020-12-24,2021-01-22,1249.9000244140625,1327.0,30744.633679334707,24.5976742769866,0.0,150943.71345300192,0.20368277006055907,0.20368277006055907,0.0,0.06168491405709102,1896.4800862265074
TCS,2020-12-23,2020-12-24,2021-01-22,2909.0,3241.89990234375,30744.633679334707,10.568798102212,0.0,150943.71345300192,0.20368277006055907,0.20368277006055907,0.0,0.11443791761558963,3518.3518561171877
RELIANCE,2021-01-04,2021-01-05,2021-02-03,908.6931762695312,889.91015625,1.4551915228366852e-11,1.601411302339366e-14,0.0,155831.30501190398,2.220446049250313e-16,9.338248965607539e-17,0.0,-0.020670365432522986,-3.00793405513439e-13
HDFCBANK,2021-01-06,2021-01-07,2021-02-05,716.25,774.0,46080.70719989577,64.33606589863284,0.0,159313.45840281865,0.2892455393403254,0.2892455393403254,0.0,0.08062827225130896,3715.4078056460494
ICICIBANK,2021-01-18,2021-01-19,2021-02-17,539.0,654.7999877929688,48178.224864462994,89.3844617151447,0.0,162804.35229903169,0.2959271308421252,0.2959271308421252,0.0,0.21484227790903282,10350.719575494833
INFY,2021-01-22,2021-01-25,2021-02-23,1345.0,1271.1500244140625,33452.04965050655,24.871412379558777,0.0,161992.7154318462,0.206503419374932,0.20650341937493197,0.0,-0.054907045045306684,-1836.753197018199
TCS,2021-01-22,2021-01-25,2021-02-23,3308.949951171875,2970.0,33452.04965050655,10.109566522352326,0.0,161992.7154318462,0.206503419374932,0.20650341937493197,0.0,-0.10243429371055761,-3426.6370791201443
HDFCBANK,2021-02-05,2021-02-08,2021-03-08,810.0,771.0,49796.11500554184,61.47668519202696,0.0,169641.19560868986,0.2935378687167838,0.2935378687167838,0.0,-0.048148148148148204,-2397.5907224890543
RELIANCE,2021-02-16,2021-02-17,2021-03-18,950.6896362304688,956.6430053710938,51543.10397493393,54.21654135129197,0.0,171810.3465831131,0.3,0.3,0.0,0.006262158451869126,322.77108419220167
ICICIBANK,2021-02-17,2021-02-18,2021-03-19,650.0,575.2000122070312,6985.840465023903,10.747446869267543,0.0,171240.45314976652,0.04079550326180292,0.040795503261802875,0.0,-0.11507690429687495,-803.9088946267921
INFY,2021-03-15,2021-03-16,2021-04-16,1386.050048828125,1365.0,50536.667007589764,36.46092509452845,0.0,168455.55669196587,0.3,0.3,0.0,-0.01518707700773307,-767.5042535584289
RELIANCE,2021-03-19,2021-03-22,2021-04-23,955.7661743164062,879.6187133789062,49732.880102947376,52.034568118627845,0.0,165776.2670098246,0.3,0.3,0.0,-0.07967164248301954,-3962.3002432128997
TCS,2021-04-07,2021-04-08,2021-05-10,3270.0,3145.949951171875,50174.59754903832,15.34391362355912,0.0,167248.6584967944,0.3,0.3,0.0,-0.037935794748662086,-1903.4132342170415
INFY,2021-04-20,2021-04-22,2021-05-21,1355.550048828125,1347.5,48046.525569907455,35.44430219411208,0.0,160155.08523302485,0.3,0.3,0.0,-0.0059385847354617455,-285.32836334142485
ICICIBANK,2021-05-14,2021-05-17,2021-06-14,603.25,635.7000122070312,47761.32316623599,79.1733496332134,0.0,159204.41055411997,0.3,0.3,0.0,0.05379198045094267,2569.1761620693214
HDFCBANK,2021-06-01,2021-06-02,2021-06-30,755.0,749.0,49125.326374207165,65.06665744928101,0.0,163751.0879140239,0.3,0.3,0.0,-0.007947019867549702,-390.39994469568774
RELIANCE,2021-06-02,2021-06-03,2021-07-01,1024.9910888671875,977.4566650390624,49223.37909111917,48.02322637313899,0.0,164077.93030373057,0.3,0.3,0.0,-0.046375450815538066,-2282.756396014782
INFY,2021-06-09,2021-06-10,2021-07-08,1424.0,1568.0,14058.46521155866,9.87251770474625,0.0,161198.5066045972,0.08721213060641175,0.08721213060641175,0.0,0.10112359550561786,1421.6425494834584
ICICIBANK,2021-06-14,2021-06-15,2021-07-13,636.3499755859375,655.1500244140625,25165.249664152656,39.546241266028225,0.0,163238.2835691399,0.15416267014038937,0.15416267014038937,0.0,0.02954356808266444,743.4712667701424
TCS,2021-06-14,2021-06-15,2021-07-13,3298.0,3214.0,25165.249664152656,7.63045775141075,0.0,163238.2835691399,0.15416267014038937,0.15416267014038937,0.0,-0.02546998180715596,-640.9584511185058
HDFCBANK,2021-07-06,2021-07-07,2021-08-05,767.0,733.5499877929688,48560.04134988079,63.311657561774176,0.0,161866.80449960264,0.3,0.3,0.0,-0.043611489187785214,-2117.775718288729
INFY,2021-07-08,2021-07-09,2021-08-09,1556.0,1661.0,48169.63496571382,30.957348949687546,0.0,160565.44988571273,0.3,0.3,0.0,0.06748071979434457,3250.521639717197
ICICIBANK,2021-07-13,2021-07-14,2021-08-12,662.0,693.5,48111.39497436396,72.67582322411475,0.0,160371.3165812132,0.3,0.3,0.0,0.04758308157099703,2289.2884315596166
INFY,2021-08-09,2021-08-10,2021-09-08,1668.0,1700.8499755859375,49734.31960033997,29.816738369508375,0.0,165781.06533446658,0.3,0.3,0.0,0.01969422996758833,979.4791274906311
ICICIBANK,2021-08-12,2021-08-13,2021-09-14,707.0499877929688,713.25,49762.61663859563,70.38062017924342,0.0,165875.38879531878,0.3,0.3,0.0,0.008768845646096906,436.3607042497388
TCS,2021-08-16,2021-08-17,2021-09-16,3482.10009765625,3930.0,49671.25965651498,14.264742041720158,0.0,165570.8655217166,0.3,0.3,0.0,0.12862924378458404,6389.17656744524
HDFCBANK,2021-08-25,2021-08-26,2021-09-24,775.0,789.5,15842.507487152438,20.44194514471282,0.0,168460.59502848273,0.09404280855397573,0.09404280855397573,0.0,0.01870967741935484,296.40820459833594
RELIANCE,2021-09-07,2021-09-08,2021-10-07,1131.59765625,1197.592041015625,50713.79872783059,44.81610442344939,0.0,171557.03760125703,0.2956089673552337,0.2956089673552337,0.0,0.05831965487125849,2957.6112390175476
INFY,2021-09-08,2021-09-09,2021-10-08,1685.9000244140625,1705.25,2.1827872842550278e-11,1.2947311540692688e-14,0.0,171092.5986065203,2.220446049250313e-16,1.2757929343717632e-16,0.0,0.011477534436042566,2.5053016221592913e-13
ICICIBANK,2021-09-14,2021-09-15,2021-10-13,707.0999755859375,713.8499755859375,50198.97734284537,70.99275785046952,0.0,170252.12438525632,0.2948508133105713,0.2948508133105713,0.0,0.009546033422510813,479.20111549066496
TCS,2021-09-16,2021-09-17,2021-10-18,3920.0,3603.449951171875,52415.23114824248,13.371232435776141,0.0,174717.43716080827,0.3,0.3,0.0,-0.0807525634765626,-4232.664280437151
HDFCBANK,2021-09-24,2021-09-27,2021-10-26,807.8499755859375,825.0,19784.120767468507,24.489845101646488,0.0,174803.86965239054,0.11317896341088207,0.11317896341088207,0.0,0.02122921944959335,420.00144138984615
RELIANCE,2021-10-07,2021-10-08,2021-11-09,1193.0924072265625,1156.05712890625,52803.95984148842,44.25806376912195,0.0,176013.19947162806,0.3,0.3,0.0,-0.031041416487096792,-1639.1097096075755
INFY,2021-10-08,2021-10-11,2021-11-10,1682.0,1726.0,867.450125359746,0.5157254015218466,0.0,175680.33266981662,0.004937662128578046,0.004937662128578046,0.0,0.026159334126040518,22.69191766696133
ICICIBANK,2021-10-14,2021-10-18,2021-11-16,739.0,773.2999877929688,52542.628154683494,71.09963214436196,0.0,175142.093848945,0.3,0.3,0.0,0.04641405655340825,2438.7165146361804
HDFCBANK,2021-10-26,2021-10-27,2021-11-26,826.375,750.0,54148.44692002207,65.525272327965,0.0,180494.82306674024,0.3,0.3,0.0,-0.09242172137346835,-5004.492674048321
INFY,2021-11-10,2021-11-11,2021-12-10,1732.949951171875,1760.0,51130.67867260867,29.504994439125323,0.0,170435.59557536224,0.3,0.3,0.0,0.015609249886202999,798.111540251899
ICICIBANK,2021-11-16,2021-11-17,2021-12-16,760.9000244140625,757.9000244140625,51456.45785242023,67.62578026205836,0.0,171521.5261747341,0.3,0.3,0.0,-0.003942699308375175,-202.8773407861736
INFY,2021-12-10,2021-12-13,2022-01-10,1767.050048828125,1815.0,50848.2622734832,28.775790650188334,0.0,169494.20757827733,0.3,0.3,0.0,0.027135593133694475,1379.7977566086265
TCS,2021-12-20,2021-12-21,2022-01-18,3582.64990234375,4033.949951171875,51037.876331240055,14.245845316298238,0.0,170126.25443746685,0.3,0.3,0.0,0.12596822495351462,6429.150686843306
INFY,2022-01-10,2022-01-11,2022-02-09,1855.0,1735.0,52326.96561449263,28.208606800265567,0.0,174423.21871497543,0.3,0.3,0.0,-0.06469002695417789,-3385.0328160318677
ICICIBANK,2022-01-12,2022-01-13,2022-02-11,821.0,796.8499755859375,53015.06743937976,64.57377276416535,0.0,176716.8914645992,0.3,0.3,0.0,-0.029415376874619432,-1559.458188762721
RELIANCE,2022-01-18,2022-01-19,2022-02-17,1167.5946044921875,1116.875732421875,35808.116569770194,30.668278554904706,0.0,178356.12234440813,0.20076752117667274,0.20076752117667276,0.0,-0.04343876879456049,-1555.4604966429179
TCS,2022-01-18,2022-01-19,2022-02-17,4012.0,3825.0,35808.116569770194,8.925253382295661,0.0,178356.12234440813,0.20076752117667274,0.20076752117667276,0.0,-0.04661016949152544,-1669.0223824892892
INFY,2022-03-22,2022-03-23,2022-04-22,1897.0,1604.3499755859375,50636.787692845806,26.69308787182172,0.0,168789.29230948602,0.3,0.3,0.0,-0.1542699127116829,-7811.732817375341
RELIANCE,2022-03-28,2022-03-29,2022-04-28,1217.4365234375,1296.79150390625,50451.80478940009,41.441014638649584,0.0,168172.68263133365,0.3,0.3,0.0,0.06518202710453178,3288.550907255223
HDFCBANK,2022-04-06,2022-04-07,2022-05-10,770.6500244140625,657.5250244140625,33850.349913620055,43.92441295172477,0.0,165941.49029770878,0.20398967041268906,0.20398967041268906,0.0,-0.146791664719677,-4968.949215163862
TCS,2022-04-06,2022-04-07,2022-05-10,3745.5,3434.0,33850.349913620055,9.037605103089055,0.0,165941.49029770878,0.20398967041268906,0.20398967041268906,0.0,-0.08316646642637839,-2815.2139896122426
ICICIBANK,2022-04-21,2022-04-22,2022-05-23,757.0,709.5499877929688,42825.05487547048,56.57206720669812,0.0,157822.24739834887,0.27134992424343407,0.27134992424343407,0.0,-0.06268165417045084,-2684.3452795348203
RELIANCE,2022-04-28,2022-04-29,2022-05-30,1318.11279296875,1206.822021484375,47699.65759674807,36.18784208088552,0.0,158998.8586558269,0.3,0.3,0.0,-0.08443190300408031,-4027.372863536475
RELIANCE,2022-06-10,2022-06-13,2022-07-11,1222.974609375,1096.75439453125,44931.068715455556,36.739167249283724,0.0,149770.22905151852,0.3,0.3,0.0,-0.10320755138837656,-4637.225583385058
ICICIBANK,2022-07-14,2022-07-15,2022-08-16,753.25,881.4500122070312,43539.90104044003,57.80272292126124,0.0,145133.00346813345,0.3,0.3,0.0,0.17019583432728996,7410.309784105331
HDFCBANK,2022-08-08,2022-08-10,2022-09-09,730.6749877929688,748.0999755859375,45081.50008410985,61.69843068021285,0.0,150271.66694703285,0.3,0.3,0.0,0.02384779564660019,1075.094401448041
ICICIBANK,2022-08-16,2022-08-17,2022-09-15,881.7999877929688,920.0,46120.690853486565,52.30289350413883,0.0,153735.63617828855,0.3,0.3,0.0,0.043320495277665995,1997.9711703211578
RELIANCE,2022-08-17,2022-08-18,2022-09-16,1227.589599609375,1173.940185546875,46101.077268422516,37.554144547242906,0.0,153670.2575614084,0.3,0.3,0.0,-0.04370305359345786,-2014.7578505780111
HDFCBANK,2022-09-09,2022-09-12,2022-10-11,750.0,700.5499877929688,45985.250369420144,61.31366715922686,0.0,153284.16789806716,0.3,0.3,0.0,-0.06593334960937493,-3031.961589481616
ICICIBANK,2022-09-15,2022-09-16,2022-10-17,914.9000244140624,872.0,46108.99692272067,50.39785298098627,0.0,153696.6564090689,0.3,0.3,0.0,-0.04689039596598241,-2162.0691233006364
ICICIBANK,2022-10-31,2022-11-01,2022-11-30,921.0,948.0499877929688,44522.27707819431,48.34123461258883,0.0,148407.5902606477,0.3,0.3,0.0,0.02937023647445024,1307.6298061675625
HDFCBANK,2022-11-10,2022-11-11,2022-12-09,772.5,813.0,44593.339047136586,57.72600523901176,0.0,148644.4634904553,0.3,0.3,0.0,0.0524271844660194,2337.9032121799755
RELIANCE,2022-11-10,2022-11-11,2022-12-09,1199.8995361328125,1221.1285400390625,44593.339047136586,37.1642272576066,0.0,148644.4634904553,0.3,0.3,0.0,0.017692317787428708,788.9595256244938
INFY,2022-11-14,2022-11-15,2022-12-13,1577.8499755859375,1547.199951171875,14698.635088180221,9.315610048871633,0.0,150057.13157208925,0.09795359230306777,0.09795359230306772,0.0,-0.019425182931400446,-285.5236754298021
TCS,2022-11-29,2022-11-30,2022-12-28,3383.0,3249.800048828125,45829.90688436186,13.547119977641696,0.0,153540.69170017412,0.29848704194882747,0.29848704194882747,0.0,-0.039373322841228194,-1804.4757195414059
ICICIBANK,2022-12-06,2022-12-07,2023-01-04,922.0,899.0,1.4551915228366852e-11,1.5782988317100707e-14,0.0,153250.68244730716,2.220446049250313e-16,9.495497831385057e-17,0.0,-0.024945770065075923,-3.6300873129331627e-13
HDFCBANK,2022-12-09,2022-12-12,2023-01-09,812.5,798.0,45256.61564851237,55.700450028938306,0.0,150855.38549504124,0.3,0.3,0.0,-0.017846153846153793,-807.656525419603
RELIANCE,2022-12-13,2022-12-14,2023-01-11,1217.2750244140625,1177.9783935546875,45861.91637635206,37.67588708922027,0.0,152873.05458784022,0.3,0.3,0.0,-0.032282458829129904,-1480.5354272445838
HDFCBANK,2023-01-24,2023-01-25,2023-02-23,845.7000122070312,806.5,44539.1674370953,52.665444949990025,0.0,148463.89145698433,0.3,0.3,0.0,-0.046352148091769144,-2064.486084928343
TCS,2023-01-25,2023-01-27,2023-02-24,3426.0,3422.5,44069.91812972427,12.863373651408134,0.0,146899.7270990809,0.3,0.3,0.0,-0.0010215995329830843,-45.02180777992908
INFY,2023-02-09,2023-02-10,2023-03-13,1612.949951171875,1464.199951171875,44565.38257370119,27.629736769775523,0.0,148551.27524567064,0.3,0.3,0.0,-0.09222232834436493,-4109.92334450411
ICICIBANK,2023-04-12,2023-04-13,2023-05-15,891.0999755859375,943.75,42673.33806593158,47.88838428356143,0.0,142244.46021977195,0.3,0.3,0.0,0.05908430687526705,2521.3246016795165
HDFCBANK,2023-04-20,2023-04-21,2023-05-22,834.5,822.5,42722.90271903757,51.195809130063,0.0,142409.67573012525,0.3,0.3,0.0,-0.014379868184541565,-614.3497095607527
RELIANCE,2023-05-09,2023-05-10,2023-06-07,1149.1346435546875,1147.7501220703125,43110.13688227908,37.51530521168859,0.0,143700.45627426362,0.3,0.3,0.0,-0.0012048383469601242,-51.94074605846981
ICICIBANK,2023-05-15,2023-05-16,2023-06-13,950.0,935.9000244140624,43472.01344376175,45.76001415132816,0.0,144906.71147920584,0.3,0.3,0.0,-0.01484207956414486,-645.2150823458869
TCS,2023-05-22,2023-05-23,2023-06-20,3306.0,3214.0,43120.44260474377,13.043086087339312,0.0,143734.80868247923,0.3,0.3,0.0,-0.027828191167574127,-1199.9639200352176
RELIANCE,2023-06-07,2023-06-08,2023-07-07,1156.5185546875,1216.0521240234375,42869.8110555259,37.06798380516224,0.0,142899.37018508633,0.3,0.3,0.0,0.05147653627746919,2206.7893840080287
ICICIBANK,2023-06-14,2023-06-15,2023-07-14,940.7000122070312,959.75,43033.818042952065,45.74659028863826,0.0,143446.06014317356,0.3,0.3,0.0,0.020250863767158362,871.4719865685038
HDFCBANK,2023-07-07,2023-07-10,2023-08-07,830.5,831.5499877929688,43411.06833526767,52.27100341392856,0.0,144703.56111755891,0.3,0.3,0.0,0.0012642839168798441,54.883915510850784
RELIANCE,2023-07-07,2023-07-10,2023-08-07,1240.9268798828125,1260.5,43411.06833526767,34.98277701855182,0.0,144703.56111755891,0.3,0.3,0.0,0.015772984238229877,684.722096616897
TCS,2023-07-14,2023-07-17,2023-08-14,3510.0,3440.699951171875,43794.926263863636,12.47718696976172,0.0,145983.08754621213,0.3,0.3,0.0,-0.019743603654736437,-864.6696662421309
ICICIBANK,2023-07-18,2023-07-19,2023-08-17,980.0,956.9500122070312,7357.756899814347,7.507915203892191,0.0,148011.1249423881,0.04971083695687262,0.049710836956872555,0.0,-0.02352039570711092,-173.05735380035912
INFY,2023-07-18,2023-07-19,2023-08-17,1486.0,1420.0,7357.756899814347,4.951384185608578,0.0,148011.1249423881,0.04971083695687262,0.049710836956872555,0.0,-0.04441453566621805,-326.79135625016625
HDFCBANK,2023-08-08,2023-08-09,2023-09-07,826.5,797.75,43489.95129848445,52.61942080881361,0.0,144966.5043282815,0.3,0.3,0.0,-0.03478523895946763,-1512.8083482533912
RELIANCE,2023-08-10,2023-08-11,2023-09-11,1266.2249755859375,1226.0,43260.26753081829,34.164756157016946,0.0,144200.8917693943,0.3,0.3,0.0,-0.03176763715888931,-1374.2764823155158
TCS,2023-08-21,2023-08-22,2023-09-20,3400.0,3580.0,42885.476045971474,12.61337530763867,0.0,142951.58681990491,0.3,0.3,0.0,0.05294117647058833,2270.4075553749644
INFY,2023-08-30,2023-08-31,2023-09-29,1435.1500244140625,1432.0999755859375,15071.96949458855,10.502016679923114,0.0,140903.69372865206,0.10696646124560572,0.10696646124560566,0.0,-0.002125247379186212,-32.031663667548855
ICICIBANK,2023-09-20,2023-09-21,2023-10-20,979.9500122070312,932.0,43389.23730252412,44.276990419953584,0.0,144630.79100841374,0.3,0.3,0.0,-0.04893107975889387,-2123.0822311273805
TCS,2023-09-20,2023-09-21,2023-10-20,3588.550048828125,3450.39990234375,43389.23730252412,12.091021920313828,0.0,144630.79100841374,0.3,0.3,0.0,-0.03849748355313843,-1670.3764494371426
INFY,2023-10-06,2023-10-09,2023-11-07,1464.9000244140625,1400.0,42895.29033280087,29.28205994805572,0.0,142984.30110933623,0.3,0.3,0.0,-0.04430338134510002,-1900.4064055228591
RELIANCE,2023-11-28,2023-11-29,2023-12-28,1204.0,1294.9000244140625,41509.52710347417,34.47635141484565,0.0,138365.0903449139,0.3,0.3,0.0,0.07549835914789232,3133.9011853172633
HDFCBANK,2023-12-05,2023-12-06,2024-01-04,819.2249755859375,839.0,41711.73140954691,50.91608856250173,0.0,139039.1046984897,0.3,0.3,0.0,0.02413869816397947,1006.8668943920347
ICICIBANK,2023-12-05,2023-12-06,2024-01-04,1014.0,986.4000244140624,41711.73140954691,41.135829792452576,0.0,139039.1046984897,0.3,0.3,0.0,-0.027218910834258085,-1135.3478979789797
INFY,2023-12-06,2023-12-07,2024-01-05,1472.8499755859375,1506.75,13432.100422345902,9.11980218284097,0.0,138193.01762905612,0.09719811212460072,0.09719811212460058,0.0,0.02301661742607309,309.1615166497304
TCS,2023-12-27,2023-12-28,2024-01-29,3824.0,3800.800048828125,43179.68827261794,11.291759485517243,0.0,143932.2942420598,0.3,0.3,0.0,-0.006066932837833474,-261.96826870855875
RELIANCE,2023-12-28,2023-12-29,2024-01-30,1305.550048828125,1459.949951171875,1463.7400161734856,1.1211672945723938,0.0,142840.89413067317,0.010247345657430795,0.010247345657430795,0.0,0.11826425381573147,173.10812079298398
HDFCBANK,2024-01-04,2024-01-05,2024-02-06,843.5750122070312,722.7750244140625,41997.78089536654,49.78547288342319,0.0,139992.60298455512,0.3,0.3,0.0,-0.14320005458307944,-6014.084516584699
INFY,2024-01-05,2024-01-08,2024-02-07,1528.949951171875,1729.0,42147.45329225096,27.566274003898382,0.0,140491.51097416988,0.3,0.3,0.0,0.13084146323742968,5514.634460489338
ICICIBANK,2024-01-23,2024-01-24,2024-02-22,1029.449951171875,1056.0,12891.009566885006,12.522230490380341,0.0,138315.5053099632,0.09320003233185192,0.09320003233185192,0.0,0.02579051929421321,332.4658309566348
TCS,2024-01-29,2024-01-30,2024-02-27,3807.449951171875,3999.0,41789.78640254259,10.975794019217595,0.0,139299.2880084753,0.3,0.3,0.0,0.05030927557410673,2102.4138803085734
RELIANCE,2024-01-30,2024-01-31,2024-02-28,1404.0,1483.0,2764.7817383332804,1.9692177623456413,0.0,138597.53641297677,0.019948274766552254,0.01994827476655217,0.0,0.0562678062678063,155.56820322530575
INFY,2024-02-07,2024-02-08,2024-03-07,1698.0,1616.5999755859375,43264.849009500984,25.479887520318602,0.0,144216.16336500327,0.3,0.3,0.0,-0.04793876585044908,-2074.0634662215016
ICICIBANK,2024-02-22,2024-02-23,2024-03-26,1070.0,1081.0,43532.08763946779,40.68419405557737,0.0,145106.95879822597,0.3,0.3,0.0,0.010280373831775618,447.5261346113475
TCS,2024-02-27,2024-02-28,2024-04-01,4095.60009765625,3897.699951171875,42805.07506344467,10.451478182144863,0.0,142683.58354481557,0.3,0.3,0.0,-0.04832018306612152,-2068.3490632247194
RELIANCE,2024-02-28,2024-02-29,2024-04-02,1465.0,1484.0,14079.798041360089,9.610783645979582,0.0,141780.07042750524,0.09930731448295738,0.09930731448295724,0.0,0.012969283276450418,182.60488927361075
ICICIBANK,2024-03-26,2024-03-27,2024-04-29,1083.699951171875,1108.0,41918.21608440221,38.68064775593403,0.0,139727.38694800736,0.3,0.3,0.0,0.02242322591400677,939.941629172703
RELIANCE,2024-04-02,2024-04-03,2024-05-06,1482.074951171875,1435.5,41949.90255043175,28.304845525701655,0.0,139833.00850143915,0.3,0.3,0.0,-0.03142550323453493,-1318.2967982870177
ICICIBANK,2024-04-29,2024-04-30,2024-05-30,1159.949951171875,1097.0,42213.32416760497,36.392366864585554,0.0,140711.08055868326,0.3,0.3,0.0,-0.0542695407748221,-2290.897717154621
ICICIBANK,2024-06-03,2024-06-04,2024-07-03,1157.9000244140625,1196.8499755859375,41250.082608583005,35.624908661226584,0.0,137500.27536194335,0.3,0.3,0.0,0.03363844058262727,1387.588452857286
HDFCBANK,2024-06-10,2024-06-11,2024-07-10,778.0,814.9749755859375,40842.355268030646,52.496600601581804,0.0,136141.18422676882,0.3,0.3,0.0,0.04752567556033091,1941.0605255881965
RELIANCE,2024-06-13,2024-06-14,2024-07-15,1470.0,1604.449951171875,41001.38802311667,27.892100695997733,0.0,136671.2934103889,0.3,0.3,0.0,0.09146255181760196,3750.091576657913
INFY,2024-06-19,2024-06-20,2024-07-19,1516.300048828125,1844.0,14406.449462213026,9.501054539533303,0.0,140043.3650815757,0.10287134598501846,0.10287134598501846,0.0,0.21611814325610446,3113.495108686384
ICICIBANK,2024-07-03,2024-07-04,2024-08-02,1229.0,1197.0,21318.83553072014,17.346489447290594,0.0,147725.734836775,0.14431361979194574,0.14431361979194574,0.0,-0.02603742880390553,-555.0876623132972
TCS,2024-07-03,2024-07-04,2024-08-02,3999.85009765625,4365.0,21318.83553072014,5.329908624128717,0.0,147725.734836775,0.14431361979194574,0.14431361979194574,0.0,0.09129089676578452,1946.215613601711
HDFCBANK,2024-07-10,2024-07-11,2024-08-09,811.9749755859375,826.0,42783.41579361886,52.69055953694322,0.0,145367.53946656475,0.2943120310807713,0.2943120310807713,0.0,0.017272729869466402,738.986383896241
RELIANCE,2024-07-15,2024-07-16,2024-08-14,1593.5,1463.550048828125,44205.49940527199,27.74113549122811,0.0,147351.66468423998,0.3,0.3,0.0,-0.0815500164241449,-3604.9592025374586
INFY,2024-07-19,2024-07-22,2024-08-20,1800.1500244140625,1880.0,18065.924765402007,10.035788417847202,0.0,147739.2912288714,0.12228246538299048,0.12228246538299041,0.0,0.04435740049606587,801.3574601507316
TCS,2024-08-02,2024-08-05,2024-09-03,4239.0,4521.0498046875,43862.385687368675,10.347342695769916,0.0,146207.95229122892,0.3,0.3,0.0,0.06653687300955412,2918.4659863765337
INFY,2024-08-20,2024-08-21,2024-09-18,1875.0999755859373,1938.75,44971.77966919525,23.983670340106706,0.0,149905.93223065085,0.3,0.3,0.0,0.03394486973643796,1526.561202686622
TCS,2024-09-03,2024-09-04,2024-10-03,4476.9501953125,4262.60009765625,45312.22153216575,10.121225288503096,0.0,151040.7384405525,0.3,0.3,0.0,-0.0478785977741457,-2169.485628991548
ICICIBANK,2024-09-11,2024-09-12,2024-10-11,1238.0,1237.0,45441.39304971693,36.70548711608799,0.0,151471.3101657231,0.3,0.3,0.0,-0.0008077544426494166,-36.70548711608717
HDFCBANK,2024-09-12,2024-09-13,2024-10-14,837.0,828.0250244140625,14212.09535382966,16.97980329011907,0.0,152795.46442387433,0.09301385618622482,0.0930138561862247,0.0,-0.010722790425253812,-152.39331998283888
INFY,2024-09-18,2024-09-19,2024-10-18,1910.5999755859373,1893.800048828125,45793.97335904825,23.968373256680422,0.0,152646.57786349417,0.3,0.3,0.0,-0.00879301108158984,-402.6669152161412
HDFCBANK,2024-10-14,2024-10-15,2024-11-12,847.0,886.0,45086.85137866474,53.23122949074939,0.0,150289.50459554914,0.3,0.3,0.0,0.046044864226682414,2076.0179501392267
ICICIBANK,2024-10-29,2024-10-30,2024-11-29,1324.0,1283.0999755859375,44994.10468921967,33.98346275620821,0.0,149980.34896406558,0.3,0.3,0.0,-0.030891257110318954,-1389.9244564032924
HDFCBANK,2024-11-12,2024-11-13,2024-12-13,858.375,931.25,44689.22989967127,52.06259490277707,0.0,148964.09966557092,0.3,0.3,0.0,0.08489879132080964,3794.061603539878
ICICIBANK,2024-12-02,2024-12-03,2025-01-01,1303.949951171875,1281.6500244140625,45644.072293181605,35.00446643075583,0.0,152146.9076439387,0.3,0.3,0.0,-0.017101827211827566,-780.5970376021578
TCS,2024-12-03,2024-12-04,2025-01-02,4313.5498046875,4120.0,45749.37977727722,10.605969989627043,0.0,152497.9325909241,0.3,0.3,0.0,-0.044870191246469696,-2052.7834200138022
INFY,2024-12-09,2024-12-10,2025-01-08,1939.0,1930.0,13306.210979893418,6.862408963328219,0.0,155299.68118932165,0.08568086475124304,0.08568086475124295,0.0,-0.00464156781846322,-61.76168066995524
HDFCBANK,2024-12-13,2024-12-16,2025-01-14,932.5499877929688,819.9500122070312,46963.92392252329,50.36075764010362,0.0,156546.41307507764,0.3,0.3,0.0,-0.12074417142229942,-5670.62008076498
HDFCBANK,2025-02-28,2025-03-03,2025-04-02,869.9000244140625,885.3499755859375,43385.15770035375,49.87372856964413,0.0,144617.1923345125,0.3,0.3,0.0,0.017760605515882873,770.5466711603513
ICICIBANK,2025-03-21,2025-03-24,2025-04-25,1355.949951171875,1410.0,43678.414859057164,32.21240933067496,0.0,145594.71619685722,0.3,0.3,0.0,0.03986138926544629,1741.0822971945308
HDFCBANK,2025-04-02,2025-04-03,2025-05-07,890.5499877929688,967.0,43287.755126528966,48.60788919194541,0.0,144292.5170884299,0.3,0.3,0.0,0.08584584049739384,3716.0737220822484
ICICIBANK,2025-04-25,2025-04-28,2025-05-27,1405.5999755859375,1452.5,45087.22917043362,32.07685682524189,0.0,150290.7639014454,0.3,0.3,0.0,0.03336655181322949,1504.4053682302256
RELIANCE,2025-04-28,2025-04-29,2025-05-28,1371.0,1420.0999755859375,45365.89850445949,33.08964150580561,0.0,151219.66168153164,0.3,0.3,0.0,0.035813257174279745,1624.7005900824806
HDFCBANK,2025-05-07,2025-05-08,2025-06-05,977.4000244140624,974.0,45899.609287851665,46.96092504741632,0.0,152998.69762617222,0.3,0.3,0.0,-0.0034786416299720986,-159.6682916681748
ICICIBANK,2025-05-27,2025-05-28,2025-06-25,1447.5999755859375,1422.0,45948.472406078436,31.741139251871093,0.0,153161.57468692813,0.3,0.3,0.0,-0.017684426649410123,-812.5723899177392
RELIANCE,2025-05-28,2025-05-29,2025-06-26,1412.0999755859375,1469.0999755859375,46089.118108316055,32.63870753144926,0.0,153630.39369438685,0.3,0.3,0.0,0.040365413912246975,1860.4063292926148
HDFCBANK,2025-06-05,2025-06-06,2025-07-04,972.0,993.5499877929688,46436.799982604505,47.774485578811216,0.0,154789.33327534836,0.3,0.3,0.0,0.022170769334329956,1029.5395810387417
RELIANCE,2025-06-26,2025-06-27,2025-07-25,1499.4000244140625,1398.9000244140625,46953.115915031405,31.314602608053047,0.0,156510.38638343802,0.3,0.3,0.0,-0.06702680963292211,-3147.1175621093353
HDFCBANK,2025-07-04,2025-07-07,2025-08-04,994.5,1005.0499877929688,47023.03856217404,47.28309558790753,0.0,156743.46187391347,0.3,0.3,0.0,0.010608333627922331,498.83608126619947
ICICIBANK,2025-07-23,2025-07-24,2025-08-22,1487.699951171875,1444.300048828125,46359.4845037455,31.16185119669306,0.0,154531.615012485,0.3,0.3,0.0,-0.02917248354385134,-1352.4212987869469
HDFCBANK,2025-08-04,2025-08-05,2025-09-04,993.25,960.2000122070312,45648.63300486424,45.95885527799068,0.0,152162.11001621414,0.3,0.3,0.0,-0.03327459128413661,-1518.9396059164064
HDFCBANK,2025-10-23,2025-10-24,2025-11-24,1011.0,1000.0,45111.61914793838,44.620790452955866,0.0,150372.06382646126,0.3,0.3,0.0,-0.010880316518298667,-490.8286949825124
RELIANCE,2025-10-23,2025-10-24,2025-11-24,1450.0,1550.0,45111.61914793838,31.11146148133681,0.0,150372.06382646126,0.3,0.3,0.0,0.06896551724137931,3111.146148133681
HDFCBANK,2025-11-24,2025-11-25,2025-12-23,1004.0,990.5,45897.71438388373,45.714854964027616,0.0,152992.38127961243,0.3,0.3,0.0,-0.013446215139442235,-617.1505420143731
RELIANCE,2025-11-24,2025-11-25,2025-12-23,1535.9000244140625,1580.9000244140625,45897.71438388373,29.88326951905184,0.0,152992.38127961243,0.3,0.3,0.0,0.029298782007095313,1344.7471283573323
INFY,2025-11-27,2025-11-28,2025-12-29,1565.0,1658.0,46226.633419948215,29.53778493287426,0.0,154088.77806649407,0.3,0.3,0.0,0.059424920127795516,2747.0139987573057
