Stock,Market_Regime,Observations,Average_Return,Median_Return,Positive_Rate
RELIANCE,HIGH_VOL_DOWN,55,0.04339717286049657,0.027565232561654218,0.5636363636363636
RELIANCE,HIGH_VOL_UP,128,0.02255060425390764,0.01388990206934626,0.59375
RELIANCE,LOW_VOL_UP,249,0.009956525619849579,0.0032914415870426428,0.5220883534136547
RELIANCE,MED_VOL_DOWN,4,-0.0317519732116297,-0.031215578421430967,0.0
RELIANCE,MED_VOL_UP,112,0.0011321918016277271,-0.01828879947236145,0.38392857142857145
TCS,HIGH_VOL_DOWN,39,-0.010450527065858278,-0.019333073828986636,0.3333333333333333
TCS,HIGH_VOL_UP,104,0.010553070965375349,0.006819610486763494,0.5192307692307693
TCS,LOW_VOL_UP,176,-0.010779824808281163,-0.01374050701043511,0.3522727272727273
TCS,MED_VOL_DOWN,34,-0.0509713553785273,-0.04187370960951803,0.0
TCS,MED_VOL_UP,121,0.03698689111217792,0.034941029939959733,0.6611570247933884
INFY,HIGH_VOL_DOWN,32,-0.06867186094693561,-0.06516675360454227,0.25
INFY,HIGH_VOL_UP,142,0.02951706994247439,0.00899484576416587,0.5774647887323944
INFY,LOW_VOL_DOWN,1,-0.10427889639590882,-0.10427889639590882,0.0
INFY,LOW_VOL_UP,169,0.011261989301287469,0.015498904590022677,0.5857988165680473
INFY,MED_VOL_DOWN,36,-0.07135546421079013,-0.06043024000400976,0.027777777777777776
INFY,MED_VOL_UP,153,0.024566829919229982,0.017588431000850058,0.6209150326797386
HDFCBANK,HIGH_VOL_DOWN,16,-0.009178965718958675,-0.01099825826598394,0.4375
HDFCBANK,HIGH_VOL_UP,107,0.009455998910272328,0.004226406271804262,0.5233644859813084
HDFCBANK,LOW_VOL_DOWN,11,0.013278444180403016,-0.0200345916917104,0.36363636363636365
HDFCBANK,LOW_VOL_UP,224,-0.006922239864501114,-0.0017500790346779427,0.47767857142857145
HDFCBANK,MED_VOL_DOWN,48,-0.004104085862841414,-0.0068792448562556285,0.5
HDFCBANK,MED_VOL_UP,149,0.0025728498660905486,0.00429531552637008,0.5167785234899329
ICICIBANK,HIGH_VOL_DOWN,33,-0.030805276325324406,-0.022154779969650984,0.2727272727272727
ICICIBANK,HIGH_VOL_UP,125,0.024341349890537635,0.012318011607273194,0.56
ICICIBANK,LOW_VOL_DOWN,20,0.03718334702247077,0.048685713149914656,0.75
ICICIBANK,LOW_VOL_UP,260,0.0034946047147814516,-0.003759748836741683,0.47692307692307695
ICICIBANK,MED_VOL_DOWN,41,0.016989705978125387,0.034348211593331346,0.5609756097560976
ICICIBANK,MED_VOL_UP,189,0.03413894620167244,0.028375967528680324,0.7037037037037037
