Stock,Period,Trades,Mean_Return,Median_Return,Win_Rate
RELIANCE,2019-10-01 to 2021-12-31,233,0.029256685066058767,0.01178680391695619,0.5278969957081545
RELIANCE,2022-01-01 to 2023-12-31,130,-0.014273379812616723,-0.02319826425485838,0.3153846153846154
RELIANCE,2024-01-01 to 2025-12-31,165,0.007760715531726369,0.009110355037811324,0.5818181818181818
TCS,2019-10-01 to 2021-12-31,227,0.017679912054875596,0.008815281875769188,0.5330396475770925
TCS,2022-01-01 to 2023-12-31,110,-0.034117906340076436,-0.03136768707128812,0.07272727272727272
TCS,2024-01-01 to 2025-12-31,112,0.005321483496135907,0.005520099196173689,0.5267857142857143
INFY,2019-10-01 to 2021-12-31,283,0.02777654743435704,0.019064791005822368,0.6289752650176679
INFY,2022-01-01 to 2023-12-31,83,-0.07569564667674712,-0.06928427176303498,0.060240963855421686
INFY,2024-01-01 to 2025-12-31,137,0.019900257495541755,0.008160048847451584,0.5766423357664233
HDFCBANK,2019-10-01 to 2021-12-31,218,0.014597513248445538,0.005900966925447948,0.5458715596330275
HDFCBANK,2022-01-01 to 2023-12-31,109,-0.02063430081896845,-0.01775048519852962,0.3119266055045872
HDFCBANK,2024-01-01 to 2025-12-31,211,-0.0017962700245294737,0.004226406271804262,0.5450236966824644
ICICIBANK,2019-10-01 to 2021-12-31,255,0.03762059294725086,0.03368451111248372,0.6705882352941176
ICICIBANK,2022-01-01 to 2023-12-31,168,-0.0021850279717228697,-0.00863418701618024,0.44047619047619047
ICICIBANK,2024-01-01 to 2025-12-31,228,0.008220201779446873,0.00856563528863541,0.5482456140350878
